id;dimensions;
1;139;
2;190;
3;229;
4;127;
5;223;
6;336;
7;251;
8;106;
9;210;
10;109;
11;106;
12;66;
13;120;
14;143;
15;171;
16;45;
17;84;
18;304;
19;97;
20;166;
21;245;
22;35;
23;317;
24;160;
25;139;
26;64;
27;146;
28;167;
29;148;
30;222;
31;230;
32;169;
33;82;
34;117;
35;93;
36;229;
37;237;
38;45;
39;203;
40;123;
41;195;
42;96;
43;77;
44;169;
45;73;
46;149;
47;110;
48;197;
49;90;
50;312;
51;192;
52;183;
53;440;
54;164;
55;117;
56;204;
57;125;
58;58;
59;72;
60;184;
61;167;
62;154;
63;37;
64;130;
65;94;
66;32;
67;162;
68;71;
69;198;
70;93;
71;180;
72;224;
73;139;
74;51;
75;176;
76;138;
77;176;
78;96;
79;107;
80;60;
81;198;
82;936;
83;103;
84;83;
85;70;
86;35;
87;74;
88;77;
89;107;
90;169;
91;117;
92;236;
93;103;
94;89;
95;102;
96;49;
97;149;
98;184;
99;34;
100;81;
101;293;
102;126;
103;135;
104;68;
105;118;
106;250;
107;205;
108;120;
109;123;
110;122;
111;296;
112;50;
113;127;
114;130;
115;148;
116;151;
117;67;
118;77;
119;295;
120;200;
121;152;
122;68;
123;260;
124;257;
125;228;
126;60;
127;180;
128;157;
129;247;
130;215;
131;237;
132;48;
133;260;
134;125;
135;214;
136;109;
137;51;
138;105;
139;161;
140;137;
141;207;
142;114;
143;281;
144;249;
145;251;
146;316;
147;250;
148;128;
149;155;
150;194;
151;186;
152;61;
153;36;
154;285;
155;295;
156;239;
157;159;
158;195;
159;306;
160;243;
161;164;
162;93;
163;275;
164;82;
165;164;
166;40;
167;93;
168;201;
169;214;
170;89;
171;211;
172;256;
173;17;
174;93;
175;130;
176;219;
177;226;
178;157;
179;195;
180;102;
181;111;
182;120;
183;26;
184;240;
185;219;
186;133;
187;287;
188;133;
189;142;
190;229;
191;113;
192;181;
193;39;
194;29;
195;174;
196;217;
197;30;
198;211;
199;66;
200;175;
201;38;
202;172;
203;111;
204;178;
205;114;
206;44;
207;105;
208;241;
209;58;
210;237;
211;116;
212;178;
213;121;
214;262;
215;234;
216;195;
217;105;
218;164;
219;143;
220;191;
221;47;
222;193;
223;149;
224;134;
225;181;
226;57;
227;295;
228;159;
229;201;
230;162;
231;105;
232;116;
233;287;
234;206;
235;171;
236;165;
237;261;
238;259;
239;284;
240;146;
241;148;
242;119;
243;272;
244;124;
245;111;
246;208;
247;256;
248;144;
249;36;
250;176;
251;184;
252;106;
253;175;
254;131;
255;112;
256;115;
257;18;
258;14;
259;10;
260;231;
261;20;
262;193;
263;80;
264;149;
265;228;
266;44;
267;226;
268;160;
269;158;
270;224;
271;210;
272;145;
273;170;
274;196;
275;52;
276;121;
277;26;
278;236;
279;138;
280;114;
281;19;
282;11;
283;150;
284;114;
285;273;
286;259;
287;27;
288;34;
289;72;
290;264;
291;72;
292;112;
293;162;
294;251;
295;455;
296;113;
297;62;
298;185;
299;105;
300;133;
301;251;
302;153;
303;244;
304;215;
305;144;
306;230;
307;69;
308;202;
309;254;
310;129;
311;35;
312;143;
313;118;
314;141;
315;75;
316;102;
317;154;
318;114;
319;201;
320;231;
321;58;
322;17;
323;163;
324;60;
325;83;
326;104;
327;147;
328;133;
329;16;
330;77;
331;181;
332;68;
333;76;
334;49;
335;152;
336;60;
337;58;
338;229;
339;58;
340;96;
341;19;
342;129;
343;17;
344;132;
345;267;
346;20;
347;207;
348;81;
349;42;
350;93;
351;140;
352;58;
353;190;
354;60;
355;16;
356;47;
357;15;
358;97;
359;143;
360;17;
361;280;
362;100;
363;100;
364;21;
365;76;
366;228;
367;88;
368;27;
369;94;
370;27;
371;57;
372;179;
373;42;
374;233;
375;7;
376;100;
377;191;
378;18;
379;153;
380;38;
381;115;
382;227;
383;142;
384;36;
385;23;
386;199;
387;88;
388;186;
389;41;
390;229;
391;114;
392;18;
393;204;
394;310;
395;31;
396;34;
397;98;
398;112;
399;147;
400;106;
401;261;
402;150;
403;104;
404;63;
405;199;
406;111;
407;178;
408;18;
409;139;
410;59;
411;59;
412;111;
413;137;
414;13;
415;219;
416;194;
417;51;
418;11;
419;99;
420;59;
421;120;
422;142;
423;210;
424;22;
425;15;
426;60;
427;147;
428;189;
429;50;
430;30;
431;112;
432;58;
433;60;
434;87;
435;148;
436;40;
437;61;
438;195;
439;279;
440;220;
441;54;
442;65;
443;174;
444;159;
445;182;
446;49;
447;171;
448;119;
449;27;
450;197;
451;81;
452;119;
453;78;
454;25;
455;86;
456;65;
457;223;
458;240;
459;116;
460;126;
461;178;
462;20;
463;239;
464;113;
465;200;
466;44;
467;119;
468;20;
469;61;
470;28;
471;59;
472;80;
473;84;
474;69;
475;47;
476;119;
477;56;
478;78;
479;258;
480;208;
481;108;
482;38;
483;180;
484;290;
485;200;
486;213;
487;388;
488;141;
489;206;
490;121;
491;139;
492;92;
493;155;
494;191;
495;278;
496;112;
497;31;
498;278;
499;264;
500;78;
501;217;
502;31;
503;92;
504;108;
505;91;
506;194;
507;101;
508;131;
509;54;
510;126;
511;177;
512;61;
513;58;
514;252;
515;232;
516;30;
517;208;
518;100;
519;61;
520;44;
521;90;
522;59;
523;85;
524;50;
525;50;
526;231;
527;43;
528;105;
529;41;
530;72;
531;114;
532;218;
533;91;
534;262;
535;92;
536;107;
537;119;
538;138;
539;37;
540;33;
541;51;
542;167;
543;256;
544;218;
545;39;
546;175;
547;61;
548;201;
549;58;
550;160;
551;83;
552;86;
553;215;
554;36;
555;100;
556;41;
557;189;
558;123;
559;144;
560;136;
561;61;
562;111;
563;112;
564;29;
565;126;
566;87;
567;57;
568;20;
569;28;
570;39;
571;241;
572;71;
573;167;
574;25;
575;106;
576;160;
577;145;
578;24;
579;57;
580;192;
581;62;
582;30;
583;27;
584;116;
585;203;
586;120;
587;148;
588;142;
589;115;
590;46;
591;120;
592;194;
593;103;
594;300;
595;35;
596;192;
597;131;
598;122;
599;37;
600;120;
601;115;
602;109;
603;139;
604;207;
605;260;
606;30;
607;42;
608;134;
609;77;
610;38;
611;35;
612;228;
613;22;
614;244;
615;110;
616;136;
617;56;
618;117;
619;28;
620;132;
621;51;
622;32;
623;98;
624;263;
625;64;
626;168;
627;120;
628;290;
629;194;
630;89;
631;33;
632;150;
633;29;
634;44;
635;213;
636;44;
637;70;
638;103;
639;39;
640;129;
641;48;
642;69;
643;90;
644;195;
645;28;
646;200;
647;150;
648;93;
649;87;
650;26;
651;219;
652;103;
653;31;
654;72;
655;22;
656;215;
657;57;
658;240;
659;108;
660;132;
661;123;
662;172;
663;102;
664;20;
665;194;
666;218;
667;104;
668;47;
669;66;
670;24;
671;103;
672;55;
673;128;
674;129;
675;110;
676;135;
677;115;
678;230;
679;29;
680;72;
681;117;
682;500;
683;117;
684;263;
685;80;
686;223;
687;51;
688;33;
689;126;
690;290;
691;141;
692;92;
693;190;
694;204;
695;70;
696;24;
697;120;
698;92;
699;33;
700;135;
701;48;
702;76;
703;159;
704;145;
705;229;
706;114;
707;51;
708;47;
709;26;
710;35;
711;54;
712;80;
713;143;
714;113;
715;81;
716;78;
717;123;
718;126;
719;35;
720;39;
721;213;
722;203;
723;28;
724;181;
725;52;
726;25;
727;216;
728;103;
729;32;
730;206;
731;117;
732;112;
733;62;
734;135;
735;61;
736;24;
737;45;
738;208;
739;40;
740;66;
741;156;
742;37;
743;33;
744;110;
745;105;
746;97;
747;221;
748;33;
749;112;
750;27;
751;99;
752;40;
753;31;
754;114;
755;13;
756;111;
757;33;
758;247;
759;104;
760;123;
761;121;
762;126;
763;129;
764;218;
765;134;
766;263;
767;106;
768;237;
769;59;
770;132;
771;313;
772;241;
773;144;
774;26;
775;92;
776;23;
777;133;
778;29;
779;80;
780;261;
781;135;
782;214;
783;52;
784;29;
785;242;
786;131;
787;27;
788;162;
789;134;
790;80;
791;133;
792;101;
793;83;
794;34;
795;73;
796;50;
797;21;
798;239;
799;99;
800;58;
801;54;
802;65;
803;93;
804;145;
805;180;
806;28;
807;193;
808;38;
809;49;
810;31;
811;258;
812;104;
813;93;
814;99;
815;108;
816;45;
817;155;
818;137;
819;101;
820;56;
821;32;
822;108;
823;228;
824;50;
825;50;
826;129;
827;199;
828;27;
829;55;
830;125;
831;118;
832;51;
833;150;
834;33;
835;121;
836;205;
837;50;
838;27;
839;47;
840;126;
841;122;
842;239;
843;153;
844;41;
845;207;
846;141;
847;95;
848;52;
849;44;
850;123;
851;50;
852;44;
853;138;
854;200;
855;172;
856;135;
857;137;
858;144;
859;173;
860;148;
861;256;
862;91;
863;98;
864;236;
865;24;
866;129;
867;42;
868;68;
869;96;
870;258;
871;76;
872;35;
873;124;
874;216;
875;26;
876;126;
877;207;
878;139;
879;101;
880;127;
881;48;
882;215;
883;129;
884;66;
885;22;
886;217;
887;63;
888;135;
889;21;
890;30;
891;47;
892;49;
893;119;
894;52;
895;221;
896;123;
897;224;
898;37;
899;50;
900;91;
901;114;
902;52;
903;29;
904;128;
905;112;
906;235;
907;129;
908;185;
909;131;
910;29;
911;149;
912;58;
913;172;
914;242;
915;28;
916;133;
917;150;
918;131;
919;242;
920;75;
921;83;
922;17;
923;48;
924;66;
925;110;
926;204;
927;43;
928;98;
929;125;
930;135;
931;58;
932;297;
933;55;
934;28;
935;96;
936;86;
937;40;
938;49;
939;45;
940;49;
941;109;
942;58;
943;28;
944;91;
945;173;
946;86;
947;113;
948;90;
949;25;
950;224;
951;153;
952;53;
953;223;
954;20;
955;36;
956;127;
957;34;
958;99;
959;116;
960;34;
961;117;
962;290;
963;276;
964;84;
965;167;
966;169;
967;141;
968;246;
969;122;
970;101;
971;260;
972;28;
973;46;
974;133;
975;198;
976;220;
977;115;
978;55;
979;278;
980;91;
981;33;
982;31;
983;137;
984;130;
985;68;
986;52;
987;138;
988;181;
989;93;
990;78;
991;266;
992;215;
993;34;
994;46;
995;120;
996;39;
997;229;
998;37;
999;108;
1000;242;
1001;157;
1002;30;
1003;27;
1004;57;
1005;52;
1006;132;
1007;25;
1008;122;
1009;61;
1010;110;
1011;76;
1012;138;
1013;137;
1014;23;
1015;31;
1016;29;
1017;63;
1018;133;
1019;300;
1020;130;
1021;218;
1022;39;
1023;166;
1024;36;
1025;130;
1026;241;
1027;126;
1028;108;
1029;112;
1030;133;
1031;102;
1032;28;
1033;199;
1034;67;
1035;80;
1036;24;
1037;122;
1038;61;
1039;70;
1040;80;
1041;64;
1042;175;
1043;121;
1044;227;
1045;78;
1046;28;
1047;149;
1048;220;
1049;22;
1050;25;
1051;100;
1052;132;
1053;31;
1054;139;
1055;44;
1056;59;
1057;220;
1058;21;
1059;253;
1060;52;
1061;126;
1062;50;
1063;118;
1064;229;
1065;54;
1066;301;
1067;36;
1068;43;
1069;106;
1070;55;
1071;39;
1072;130;
1073;57;
1074;129;
1075;223;
1076;111;
1077;141;
1078;104;
1079;187;
1080;284;
1081;132;
1082;66;
1083;30;
1084;221;
1085;59;
1086;196;
1087;113;
1088;276;
1089;225;
1090;109;
1091;111;
1092;102;
1093;216;
1094;112;
1095;30;
1096;277;
1097;37;
1098;137;
1099;87;
1100;49;
1101;24;
1102;120;
1103;226;
1104;247;
1105;62;
1106;128;
1107;258;
1108;46;
1109;155;
1110;140;
1111;44;
1112;42;
1113;206;
1114;27;
1115;31;
1116;139;
1117;20;
1118;144;
1119;56;
1120;147;
1121;106;
1122;41;
1123;107;
1124;273;
1125;35;
1126;222;
1127;106;
1128;108;
1129;247;
1130;28;
1131;120;
1132;18;
1133;165;
1134;114;
1135;67;
1136;27;
1137;35;
1138;102;
1139;131;
1140;119;
1141;50;
1142;47;
1143;56;
1144;50;
1145;35;
1146;76;
1147;234;
1148;116;
1149;225;
1150;66;
1151;24;
1152;127;
1153;71;
1154;53;
1155;94;
1156;111;
1157;69;
1158;37;
1159;114;
1160;140;
1161;68;
1162;235;
1163;257;
1164;176;
1165;56;
1166;240;
1167;235;
1168;57;
1169;146;
1170;339;
1171;121;
1172;36;
1173;28;
1174;236;
1175;24;
1176;366;
1177;143;
1178;126;
1179;176;
1180;96;
1181;103;
1182;104;
1183;286;
1184;87;
1185;191;
1186;131;
1187;102;
1188;40;
1189;48;
1190;229;
1191;40;
1192;103;
1193;137;
1194;179;
1195;113;
1196;67;
1197;26;
1198;225;
1199;135;
1200;19;
1201;51;
1202;85;
1203;101;
1204;56;
1205;17;
1206;30;
1207;223;
1208;44;
1209;55;
1210;75;
1211;171;
1212;157;
1213;204;
1214;172;
1215;145;
1216;127;
1217;24;
1218;26;
1219;50;
1220;56;
1221;115;
1222;236;
1223;127;
1224;212;
1225;125;
1226;48;
1227;216;
1228;129;
1229;240;
1230;46;
1231;39;
1232;158;
1233;240;
1234;189;
1235;22;
1236;60;
1237;155;
1238;225;
1239;25;
1240;205;
1241;143;
1242;57;
1243;115;
1244;112;
1245;130;
1246;128;
1247;71;
1248;222;
1249;232;
1250;54;
1251;132;
1252;20;
1253;134;
1254;50;
1255;87;
1256;186;
1257;19;
1258;79;
1259;83;
1260;47;
1261;214;
1262;99;
1263;215;
1264;54;
1265;50;
1266;23;
1267;120;
1268;219;
1269;68;
1270;249;
1271;130;
1272;37;
1273;52;
1274;42;
1275;38;
1276;50;
1277;57;
1278;156;
1279;236;
1280;82;
1281;50;
1282;163;
1283;114;
1284;128;
1285;50;
1286;67;
1287;310;
1288;105;
1289;62;
1290;63;
1291;130;
1292;51;
1293;208;
1294;271;
1295;270;
1296;123;
1297;111;
1298;24;
1299;284;
1300;24;
1301;131;
1302;29;
1303;47;
1304;49;
1305;134;
1306;42;
1307;92;
1308;32;
1309;102;
1310;101;
1311;75;
1312;47;
1313;127;
1314;121;
1315;126;
1316;138;
1317;257;
1318;249;
1319;247;
1320;150;
1321;158;
1322;74;
1323;145;
1324;227;
1325;163;
1326;43;
1327;49;
1328;236;
1329;170;
1330;49;
1331;51;
1332;207;
1333;84;
1334;134;
1335;144;
1336;81;
1337;119;
1338;260;
1339;43;
1340;27;
1341;34;
1342;122;
1343;30;
1344;32;
1345;135;
1346;120;
1347;45;
1348;124;
1349;82;
1350;32;
1351;115;
1352;27;
1353;136;
1354;199;
1355;146;
1356;223;
1357;108;
1358;60;
1359;35;
1360;37;
1361;27;
1362;69;
1363;45;
1364;111;
1365;145;
1366;138;
1367;241;
1368;124;
1369;49;
1370;259;
1371;83;
1372;217;
1373;131;
1374;84;
1375;24;
1376;46;
1377;25;
1378;123;
1379;126;
1380;25;
1381;139;
1382;217;
1383;33;
1384;45;
1385;48;
1386;303;
1387;125;
1388;219;
1389;22;
1390;132;
1391;289;
1392;233;
1393;48;
1394;124;
1395;134;
1396;53;
1397;95;
1398;108;
1399;24;
1400;70;
1401;24;
1402;105;
1403;52;
1404;124;
1405;236;
1406;136;
1407;104;
1408;142;
1409;24;
1410;40;
1411;35;
1412;123;
1413;74;
1414;125;
1415;257;
1416;162;
1417;212;
1418;25;
1419;63;
1420;100;
1421;51;
1422;223;
1423;100;
1424;39;
1425;128;
1426;125;
1427;113;
1428;63;
1429;119;
1430;147;
1431;71;
1432;232;
1433;32;
1434;85;
1435;45;
1436;71;
1437;27;
1438;214;
1439;237;
1440;133;
1441;206;
1442;50;
1443;37;
1444;233;
1445;135;
1446;116;
1447;93;
1448;30;
1449;233;
1450;61;
1451;80;
1452;48;
1453;20;
1454;165;
1455;208;
1456;46;
1457;71;
1458;28;
1459;175;
1460;95;
1461;28;
1462;162;
1463;201;
1464;215;
1465;29;
1466;46;
1467;155;
1468;20;
1469;129;
1470;88;
1471;129;
1472;219;
1473;107;
1474;27;
1475;33;
1476;105;
1477;16;
1478;240;
1479;59;
1480;47;
1481;106;
1482;229;
1483;129;
1484;56;
1485;27;
1486;85;
1487;56;
1488;33;
1489;188;
1490;124;
1491;109;
1492;44;
1493;199;
1494;130;
1495;163;
1496;31;
1497;34;
1498;257;
1499;131;
1500;44;
1501;227;
1502;220;
1503;16;
1504;142;
1505;40;
1506;119;
1507;25;
1508;134;
1509;101;
1510;28;
1511;225;
1512;94;
1513;37;
1514;100;
1515;35;
1516;151;
1517;120;
1518;211;
1519;158;
1520;48;
1521;49;
1522;86;
1523;45;
1524;147;
1525;35;
1526;127;
1527;75;
1528;19;
1529;37;
1530;210;
1531;223;
1532;236;
1533;50;
1534;83;
1535;58;
1536;52;
1537;319;
1538;344;
1539;121;
1540;171;
1541;273;
1542;70;
1543;122;
1544;143;
1545;36;
1546;79;
1547;280;
1548;180;
1549;89;
1550;44;
1551;225;
1552;94;
1553;25;
1554;171;
1555;233;
1556;39;
1557;228;
1558;166;
1559;297;
1560;35;
1561;172;
1562;208;
1563;91;
1564;28;
1565;139;
1566;258;
1567;343;
1568;26;
1569;151;
1570;120;
1571;206;
1572;97;
1573;96;
1574;54;
1575;119;
1576;253;
1577;30;
1578;166;
1579;210;
1580;103;
1581;79;
1582;351;
1583;233;
1584;46;
1585;134;
1586;104;
1587;211;
1588;123;
1589;252;
1590;46;
1591;108;
1592;111;
1593;159;
1594;85;
1595;35;
1596;25;
1597;237;
1598;46;
1599;105;
1600;153;
1601;125;
1602;15;
1603;203;
1604;225;
1605;109;
1606;80;
1607;142;
1608;48;
1609;25;
1610;27;
1611;51;
1612;171;
1613;38;
1614;183;
1615;99;
1616;22;
1617;30;
1618;120;
1619;213;
1620;103;
1621;179;
1622;266;
1623;131;
1624;121;
1625;51;
1626;176;
1627;20;
1628;43;
1629;222;
1630;106;
1631;155;
1632;50;
1633;81;
1634;49;
1635;31;
1636;124;
1637;147;
1638;29;
1639;118;
1640;51;
1641;28;
1642;213;
1643;148;
1644;199;
1645;128;
1646;48;
1647;49;
1648;113;
1649;28;
1650;114;
1651;120;
1652;31;
1653;141;
1654;226;
1655;152;
1656;102;
1657;205;
1658;142;
1659;41;
1660;92;
1661;33;
1662;136;
1663;180;
1664;63;
1665;29;
1666;95;
1667;56;
1668;228;
1669;62;
1670;150;
1671;44;
1672;47;
1673;227;
1674;96;
1675;102;
1676;81;
1677;65;
1678;182;
1679;208;
1680;35;
1681;117;
1682;39;
1683;136;
1684;102;
1685;24;
1686;27;
1687;53;
1688;87;
1689;280;
1690;124;
1691;240;
1692;51;
1693;116;
1694;194;
1695;272;
1696;39;
1697;160;
1698;225;
1699;16;
1700;29;
1701;278;
1702;48;
1703;44;
1704;155;
1705;188;
1706;121;
1707;74;
1708;133;
1709;192;
1710;58;
1711;179;
1712;119;
1713;92;
1714;99;
1715;74;
1716;35;
1717;99;
1718;223;
1719;23;
1720;243;
1721;81;
1722;70;
1723;125;
1724;44;
1725;44;
1726;18;
1727;113;
1728;128;
1729;38;
1730;116;
1731;30;
1732;233;
1733;71;
1734;24;
1735;48;
1736;63;
1737;24;
1738;137;
1739;159;
1740;55;
1741;51;
1742;55;
1743;202;
1744;41;
1745;178;
1746;94;
1747;171;
1748;221;
1749;28;
1750;93;
1751;50;
1752;111;
1753;65;
1754;116;
1755;43;
1756;83;
1757;211;
1758;183;
1759;145;
1760;238;
1761;141;
1762;151;
1763;199;
1764;258;
1765;51;
1766;127;
1767;80;
1768;190;
1769;48;
1770;69;
1771;61;
1772;48;
1773;154;
1774;64;
1775;33;
1776;27;
1777;36;
1778;181;
1779;69;
1780;51;
1781;136;
1782;44;
1783;242;
1784;95;
1785;239;
1786;130;
1787;144;
1788;48;
1789;36;
1790;41;
1791;137;
1792;49;
1793;68;
1794;91;
1795;195;
1796;213;
1797;149;
1798;53;
1799;212;
1800;105;
1801;33;
1802;100;
1803;100;
1804;233;
1805;46;
1806;115;
1807;106;
1808;269;
1809;289;
1810;231;
1811;169;
1812;35;
1813;119;
1814;123;
1815;220;
1816;36;
1817;128;
1818;47;
1819;50;
1820;234;
1821;24;
1822;120;
1823;115;
1824;27;
1825;121;
1826;95;
1827;108;
1828;239;
1829;27;
1830;61;
1831;100;
1832;87;
1833;134;
1834;31;
1835;145;
1836;231;
1837;17;
1838;111;
1839;231;
1840;53;
1841;107;
1842;22;
1843;145;
1844;28;
1845;137;
1846;82;
1847;57;
1848;113;
1849;235;
1850;90;
1851;50;
1852;25;
1853;60;
1854;110;
1855;118;
1856;32;
1857;35;
1858;48;
1859;246;
1860;169;
1861;186;
1862;93;
1863;97;
1864;134;
1865;31;
1866;131;
1867;108;
1868;53;
1869;29;
1870;40;
1871;154;
1872;37;
1873;147;
1874;62;
1875;236;
1876;97;
1877;233;
1878;136;
1879;141;
1880;217;
1881;192;
1882;134;
1883;177;
1884;192;
1885;186;
1886;253;
1887;98;
1888;52;
1889;72;
1890;130;
1891;253;
1892;62;
1893;206;
1894;49;
1895;29;
1896;26;
1897;96;
1898;127;
1899;110;
1900;110;
1901;16;
1902;112;
1903;70;
1904;109;
1905;85;
1906;207;
1907;282;
1908;83;
1909;39;
1910;119;
1911;275;
1912;244;
1913;28;
1914;20;
1915;107;
1916;168;
1917;525;
1918;50;
1919;67;
1920;246;
1921;227;
1922;161;
1923;143;
1924;27;
1925;211;
1926;197;
1927;140;
1928;30;
1929;103;
1930;61;
1931;192;
1932;124;
1933;118;
1934;138;
1935;240;
1936;229;
1937;121;
1938;155;
1939;205;
1940;193;
1941;229;
1942;116;
1943;162;
1944;29;
1945;139;
1946;29;
1947;156;
1948;215;
1949;32;
1950;139;
1951;58;
1952;142;
1953;80;
1954;99;
1955;175;
1956;196;
1957;59;
1958;195;
1959;30;
1960;49;
1961;66;
1962;118;
1963;44;
1964;117;
1965;138;
1966;48;
1967;32;
1968;153;
1969;47;
1970;292;
1971;119;
1972;128;
1973;203;
1974;136;
1975;50;
1976;54;
1977;125;
1978;115;
1979;211;
1980;144;
1981;68;
1982;98;
1983;119;
1984;88;
1985;228;
1986;24;
1987;110;
1988;23;
1989;96;
1990;112;
1991;68;
1992;202;
1993;54;
1994;115;
1995;170;
1996;121;
1997;187;
1998;58;
1999;237;
2000;35;
2001;100;
2002;110;
2003;86;
2004;194;
2005;91;
2006;48;
2007;127;
2008;147;
2009;104;
2010;183;
2011;27;
2012;40;
2013;231;
2014;149;
2015;58;
2016;25;
2017;73;
2018;100;
2019;78;
2020;272;
2021;145;
2022;165;
2023;337;
2024;82;
2025;58;
2026;107;
2027;230;
2028;109;
2029;95;
2030;105;
2031;194;
2032;51;
2033;71;
2034;23;
2035;43;
2036;52;
2037;111;
2038;176;
2039;83;
2040;182;
2041;60;
2042;236;
2043;135;
2044;219;
2045;100;
2046;184;
2047;47;
2048;105;
2049;53;
2050;83;
2051;82;
2052;114;
2053;150;
2054;139;
2055;34;
2056;79;
2057;27;
2058;194;
2059;136;
2060;30;
2061;268;
2062;220;
2063;158;
2064;128;
2065;27;
2066;117;
2067;70;
2068;178;
2069;24;
2070;160;
2071;188;
2072;55;
2073;123;
2074;193;
2075;38;
2076;127;
2077;23;
2078;31;
2079;201;
2080;102;
2081;102;
2082;121;
2083;150;
2084;94;
2085;35;
2086;35;
2087;234;
2088;194;
2089;108;
2090;52;
2091;116;
2092;120;
2093;65;
2094;207;
2095;48;
2096;104;
2097;47;
2098;123;
2099;26;
2100;128;
2101;33;
2102;101;
2103;70;
2104;71;
2105;59;
2106;77;
2107;47;
2108;61;
2109;208;
2110;46;
2111;237;
2112;246;
2113;96;
2114;63;
2115;104;
2116;290;
2117;123;
2118;93;
2119;145;
2120;42;
2121;282;
2122;71;
2123;313;
2124;166;
2125;27;
2126;27;
2127;48;
2128;47;
2129;1007;
2130;215;
2131;205;
2132;107;
2133;46;
2134;197;
2135;45;
2136;138;
2137;133;
2138;34;
2139;32;
2140;239;
2141;221;
2142;129;
2143;33;
2144;115;
2145;123;
2146;48;
2147;114;
2148;28;
2149;126;
2150;114;
2151;179;
2152;217;
2153;290;
2154;58;
2155;201;
2156;107;
2157;187;
2158;94;
2159;223;
2160;112;
2161;89;
2162;245;
2163;41;
2164;34;
2165;87;
2166;117;
2167;84;
2168;52;
2169;35;
2170;28;
2171;30;
2172;51;
2173;116;
2174;49;
2175;112;
2176;31;
2177;37;
2178;80;
2179;26;
2180;108;
2181;155;
2182;221;
2183;216;
2184;138;
2185;221;
2186;81;
2187;46;
2188;56;
2189;94;
2190;29;
2191;62;
2192;46;
2193;219;
2194;28;
2195;141;
2196;48;
2197;23;
2198;244;
2199;91;
2200;25;
2201;321;
2202;175;
2203;251;
2204;82;
2205;121;
2206;53;
2207;125;
2208;176;
2209;127;
2210;199;
2211;275;
2212;117;
2213;245;
2214;234;
2215;28;
2216;130;
2217;110;
2218;183;
2219;112;
2220;30;
2221;92;
2222;111;
2223;92;
2224;78;
2225;31;
2226;387;
2227;106;
2228;57;
2229;117;
2230;26;
2231;220;
2232;134;
2233;149;
2234;133;
2235;47;
2236;178;
2237;27;
2238;212;
2239;30;
2240;163;
2241;78;
2242;103;
2243;77;
2244;46;
2245;258;
2246;231;
2247;140;
2248;105;
2249;96;
2250;56;
2251;69;
2252;109;
2253;244;
2254;139;
2255;112;
2256;181;
2257;111;
2258;33;
2259;49;
2260;128;
2261;204;
2262;36;
2263;222;
2264;205;
2265;99;
2266;239;
2267;127;
2268;65;
2269;129;
2270;30;
2271;94;
2272;128;
2273;36;
2274;56;
2275;80;
2276;121;
2277;141;
2278;99;
2279;202;
2280;128;
2281;120;
2282;185;
2283;46;
2284;66;
2285;274;
2286;61;
2287;231;
2288;40;
2289;128;
2290;103;
2291;243;
2292;100;
2293;61;
2294;129;
2295;211;
2296;43;
2297;40;
2298;73;
2299;144;
2300;119;
2301;140;
2302;160;
2303;28;
2304;56;
2305;94;
2306;122;
2307;221;
2308;40;
2309;166;
2310;89;
2311;54;
2312;30;
2313;30;
2314;137;
2315;129;
2316;122;
2317;59;
2318;39;
2319;118;
2320;98;
2321;242;
2322;225;
2323;115;
2324;364;
2325;49;
2326;27;
2327;110;
2328;55;
2329;91;
2330;120;
2331;289;
2332;113;
2333;234;
2334;166;
2335;118;
2336;194;
2337;49;
2338;303;
2339;119;
2340;136;
2341;38;
2342;132;
2343;20;
2344;137;
2345;19;
2346;97;
2347;153;
2348;116;
2349;137;
2350;152;
2351;232;
2352;32;
2353;241;
2354;217;
2355;25;
2356;23;
2357;139;
2358;96;
2359;206;
2360;237;
2361;78;
2362;156;
2363;128;
2364;100;
2365;61;
2366;153;
2367;44;
2368;62;
2369;127;
2370;223;
2371;224;
2372;38;
2373;184;
2374;127;
2375;207;
2376;97;
2377;149;
2378;149;
2379;141;
2380;127;
2381;23;
2382;174;
2383;252;
2384;131;
2385;144;
2386;137;
2387;43;
2388;49;
2389;222;
2390;95;
2391;234;
2392;111;
2393;25;
2394;89;
2395;270;
2396;106;
2397;21;
2398;169;
2399;139;
2400;53;
2401;73;
2402;204;
2403;217;
2404;24;
2405;169;
2406;41;
2407;229;
2408;140;
2409;115;
2410;86;
2411;121;
2412;47;
2413;23;
2414;126;
2415;135;
2416;212;
2417;113;
2418;134;
2419;221;
2420;28;
2421;100;
2422;128;
2423;66;
2424;42;
2425;193;
2426;117;
2427;223;
2428;117;
2429;53;
2430;117;
2431;91;
2432;33;
2433;221;
2434;42;
2435;256;
2436;42;
2437;232;
2438;115;
2439;130;
2440;270;
2441;220;
2442;113;
2443;27;
2444;69;
2445;160;
2446;20;
2447;129;
2448;112;
2449;192;
2450;56;
2451;199;
2452;30;
2453;179;
2454;57;
2455;99;
2456;174;
2457;74;
2458;129;
2459;234;
2460;102;
2461;71;
2462;93;
2463;59;
2464;22;
2465;46;
2466;35;
2467;45;
2468;182;
2469;46;
2470;201;
2471;86;
2472;114;
2473;44;
2474;51;
2475;230;
2476;30;
2477;46;
2478;123;
2479;136;
2480;96;
2481;145;
2482;19;
2483;124;
2484;124;
2485;50;
2486;161;
2487;162;
2488;113;
2489;230;
2490;78;
2491;126;
2492;126;
2493;127;
2494;196;
2495;134;
2496;262;
2497;20;
2498;102;
2499;133;
2500;39;
2501;140;
2502;229;
2503;99;
2504;22;
2505;176;
2506;227;
2507;235;
2508;124;
2509;108;
2510;154;
2511;31;
2512;224;
2513;97;
2514;46;
2515;123;
2516;113;
2517;26;
2518;64;
2519;218;
2520;56;
2521;36;
2522;23;
2523;65;
2524;21;
2525;239;
2526;109;
2527;104;
2528;257;
2529;100;
2530;321;
2531;32;
2532;102;
2533;66;
2534;81;
2535;143;
2536;89;
2537;186;
2538;43;
2539;254;
2540;52;
2541;121;
2542;40;
2543;45;
2544;25;
2545;93;
2546;142;
2547;35;
2548;104;
2549;218;
2550;129;
2551;113;
2552;229;
2553;200;
2554;210;
2555;57;
2556;179;
2557;142;
2558;55;
2559;162;
2560;188;
2561;28;
2562;151;
2563;58;
2564;58;
2565;116;
2566;140;
2567;37;
2568;167;
2569;220;
2570;100;
2571;132;
2572;20;
2573;34;
2574;150;
2575;203;
2576;161;
2577;130;
2578;131;
2579;77;
2580;48;
2581;32;
2582;91;
2583;195;
2584;61;
2585;211;
2586;118;
2587;152;
2588;32;
2589;190;
2590;33;
2591;82;
2592;178;
2593;250;
2594;104;
2595;50;
2596;146;
2597;24;
2598;208;
2599;161;
2600;57;
2601;53;
2602;184;
2603;49;
2604;46;
2605;100;
2606;148;
2607;82;
2608;126;
2609;97;
2610;33;
2611;43;
2612;24;
2613;121;
2614;126;
2615;119;
2616;53;
2617;60;
2618;75;
2619;261;
2620;266;
2621;209;
2622;82;
2623;108;
2624;33;
2625;192;
2626;125;
2627;116;
2628;24;
2629;268;
2630;104;
2631;184;
2632;104;
2633;93;
2634;82;
2635;45;
2636;126;
2637;108;
2638;283;
2639;131;
2640;145;
2641;189;
2642;397;
2643;126;
2644;150;
2645;211;
2646;219;
2647;37;
2648;28;
2649;132;
2650;42;
2651;115;
2652;147;
2653;39;
2654;185;
2655;70;
2656;34;
2657;121;
2658;104;
2659;81;
2660;204;
2661;45;
2662;24;
2663;89;
2664;88;
2665;124;
2666;33;
2667;115;
2668;77;
2669;157;
2670;121;
2671;252;
2672;32;
2673;29;
2674;141;
2675;68;
2676;139;
2677;57;
2678;231;
2679;91;
2680;27;
2681;36;
2682;135;
2683;130;
2684;233;
2685;24;
2686;240;
2687;25;
2688;117;
2689;49;
2690;94;
2691;153;
2692;48;
2693;41;
2694;89;
2695;67;
2696;225;
2697;14;
2698;107;
2699;154;
2700;261;
2701;130;
2702;35;
2703;18;
2704;220;
2705;114;
2706;35;
2707;27;
2708;149;
2709;24;
2710;105;
2711;93;
2712;29;
2713;46;
2714;155;
2715;46;
2716;240;
2717;241;
2718;70;
2719;27;
2720;194;
2721;227;
2722;338;
2723;325;
2724;77;
2725;123;
2726;224;
2727;290;
2728;91;
2729;90;
2730;107;
2731;131;
2732;142;
2733;302;
2734;116;
2735;130;
2736;27;
2737;56;
2738;265;
2739;98;
2740;251;
2741;421;
2742;103;
2743;239;
2744;32;
2745;25;
2746;49;
2747;187;
2748;25;
2749;141;
2750;79;
2751;60;
2752;148;
2753;50;
2754;80;
2755;77;
2756;147;
2757;196;
2758;47;
2759;51;
2760;201;
2761;183;
2762;145;
2763;111;
2764;98;
2765;207;
2766;214;
2767;83;
2768;35;
2769;223;
2770;102;
2771;130;
2772;109;
2773;214;
2774;242;
2775;22;
2776;20;
2777;153;
2778;126;
2779;124;
2780;34;
2781;22;
2782;228;
2783;36;
2784;235;
2785;45;
2786;51;
2787;218;
2788;155;
2789;170;
2790;131;
2791;51;
2792;146;
2793;56;
2794;94;
2795;99;
2796;143;
2797;115;
2798;210;
2799;151;
2800;124;
2801;121;
2802;36;
2803;183;
2804;236;
2805;30;
2806;88;
2807;27;
2808;147;
2809;26;
2810;111;
2811;195;
2812;234;
2813;114;
2814;145;
2815;242;
2816;24;
2817;148;
2818;176;
2819;36;
2820;34;
2821;924;
2822;95;
2823;140;
2824;65;
2825;269;
2826;35;
2827;94;
2828;924;
2829;148;
2830;274;
2831;47;
2832;194;
2833;138;
2834;135;
2835;108;
2836;99;
2837;110;
2838;283;
2839;234;
2840;242;
2841;135;
2842;49;
2843;117;
2844;53;
2845;27;
2846;101;
2847;224;
2848;27;
2849;41;
2850;45;
2851;101;
2852;207;
2853;171;
2854;236;
2855;153;
2856;98;
2857;33;
2858;50;
2859;47;
2860;235;
2861;75;
2862;130;
2863;147;
2864;237;
2865;137;
2866;178;
2867;190;
2868;41;
2869;33;
2870;182;
2871;64;
2872;203;
2873;90;
2874;164;
2875;87;
2876;101;
2877;29;
2878;74;
2879;39;
2880;216;
2881;83;
2882;96;
2883;191;
2884;201;
2885;26;
2886;134;
2887;25;
2888;113;
2889;66;
2890;113;
2891;51;
2892;47;
2893;24;
2894;26;
2895;258;
2896;167;
2897;103;
2898;57;
2899;107;
2900;153;
2901;26;
2902;102;
2903;62;
2904;116;
2905;258;
2906;132;
2907;241;
2908;51;
2909;192;
2910;194;
2911;114;
2912;20;
2913;172;
2914;2;
2915;237;
2916;79;
2917;271;
2918;89;
2919;92;
2920;33;
2921;97;
2922;107;
2923;86;
2924;37;
2925;53;
2926;190;
2927;55;
2928;8;
2929;330;
2930;99;
2931;90;
2932;18;
2933;118;
2934;203;
2935;119;
2936;124;
2937;23;
2938;166;
2939;140;
2940;182;
2941;92;
2942;256;
2943;161;
2944;236;
2945;162;
2946;54;
2947;226;
2948;20;
2949;370;
2950;62;
2951;156;
2952;200;
2953;98;
2954;298;
2955;198;
2956;57;
2957;367;
2958;229;
2959;167;
2960;580;
2961;38;
2962;69;
2963;314;
2964;52;
2965;422;
2966;209;
2967;323;
2968;118;
2969;102;
2970;95;
2971;64;
2972;220;
2973;170;
2974;24;
2975;176;
2976;368;
2977;106;
2978;24;
2979;111;
2980;389;
2981;395;
2982;30;
2983;157;
2984;42;
2985;50;
2986;92;
2987;17;
2988;31;
2989;184;
2990;54;
2991;63;
2992;189;
2993;136;
2994;19;
2995;63;
2996;200;
2997;156;
2998;39;
2999;175;
3000;55;
3001;207;
3002;31;
3003;158;
3004;143;
3005;59;
3006;118;
3007;157;
3008;214;
3009;44;
3010;186;
3011;178;
3012;204;
3013;130;
3014;129;
3015;48;
3016;24;
3017;65;
3018;119;
3019;42;
3020;190;
3021;162;
3022;69;
3023;204;
3024;81;
3025;65;
3026;123;
3027;134;
3028;82;
3029;210;
3030;241;
3031;55;
3032;243;
3033;213;
3034;119;
3035;145;
3036;121;
3037;60;
3038;89;
3039;229;
3040;208;
3041;264;
3042;206;
3043;213;
3044;163;
3045;155;
3046;39;
3047;142;
3048;234;
3049;61;
3050;214;
3051;204;
3052;51;
3053;281;
3054;70;
3055;205;
3056;198;
3057;149;
3058;56;
3059;166;
3060;217;
3061;213;
3062;111;
3063;154;
3064;146;
3065;58;
3066;223;
3067;150;
3068;124;
3069;218;
3070;187;
3071;156;
3072;100;
3073;136;
3074;193;
3075;45;
3076;102;
3077;50;
3078;49;
3079;84;
3080;201;
3081;168;
3082;208;
3083;115;
3084;43;
3085;183;
3086;146;
3087;54;
3088;209;
3089;201;
3090;141;
3091;187;
3092;117;
3093;194;
3094;257;
3095;935;
3096;346;
3097;160;
3098;188;
3099;273;
3100;327;
3101;224;
3102;81;
3103;160;
3104;202;
3105;36;
3106;60;
3107;254;
3108;168;
3109;100;
3110;54;
3111;19;
3112;51;
3113;129;
3114;82;
3115;156;
3116;204;
3117;218;
3118;109;
3119;118;
3120;42;
3121;60;
3122;157;
3123;179;
3124;189;
3125;165;
3126;82;
3127;39;
3128;152;
3129;38;
3130;192;
3131;237;
3132;101;
3133;47;
3134;54;
3135;139;
3136;125;
3137;118;
3138;123;
3139;47;
3140;112;
3141;158;
3142;307;
3143;231;
3144;186;
3145;96;
3146;238;
3147;171;
3148;185;
3149;82;
3150;222;
3151;46;
3152;155;
3153;57;
3154;123;
3155;50;
3156;85;
3157;51;
3158;200;
3159;163;
3160;204;
3161;213;
3162;111;
3163;276;
3164;138;
3165;149;
3166;216;
3167;182;
3168;311;
3169;111;
3170;352;
3171;254;
3172;176;
3173;271;
3174;66;
3175;229;
3176;58;
3177;104;
3178;17;
3179;98;
3180;133;
3181;181;
3182;188;
3183;135;
3184;175;
3185;88;
3186;33;
3187;117;
3188;182;
3189;56;
3190;122;
3191;195;
3192;184;
3193;33;
3194;162;
3195;231;
3196;191;
3197;209;
3198;106;
3199;260;
3200;353;
3201;60;
3202;345;
3203;17;
3204;46;
3205;196;
3206;31;
3207;744;
3208;121;
3209;158;
3210;81;
3211;123;
3212;144;
3213;161;
3214;108;
3215;137;
3216;40;
3217;101;
3218;150;
3219;322;
3220;175;
3221;34;
3222;185;
3223;206;
3224;156;
3225;61;
3226;187;
3227;194;
3228;149;
3229;66;
3230;220;
3231;104;
3232;133;
3233;194;
3234;87;
3235;48;
3236;110;
3237;105;
3238;244;
3239;71;
3240;149;
3241;71;
3242;347;
3243;65;
3244;145;
3245;334;
3246;169;
3247;317;
3248;121;
3249;320;
3250;120;
3251;145;
3252;332;
3253;176;
3254;157;
3255;78;
3256;69;
3257;175;
3258;123;
3259;58;
3260;190;
3261;162;
3262;125;
3263;171;
3264;110;
3265;192;
3266;62;
3267;173;
3268;161;
3269;68;
3270;181;
3271;235;
3272;55;
3273;133;
3274;303;
3275;168;
3276;236;
3277;151;
3278;117;
3279;253;
3280;173;
3281;125;
3282;73;
3283;202;
3284;53;
3285;303;
3286;183;
3287;84;
3288;100;
3289;125;
3290;118;
3291;167;
3292;534;
3293;314;
3294;70;
3295;75;
3296;139;
3297;158;
3298;115;
3299;203;
3300;163;
3301;114;
3302;180;
3303;169;
3304;180;
3305;287;
3306;224;
3307;40;
3308;163;
3309;174;
3310;41;
3311;142;
3312;94;
3313;183;
3314;62;
3315;247;
3316;68;
3317;110;
3318;79;
3319;256;
3320;37;
3321;75;
3322;192;
3323;73;
3324;94;
3325;37;
3326;167;
3327;29;
3328;169;
3329;207;
3330;162;
3331;74;
3332;226;
3333;281;
3334;135;
3335;243;
3336;67;
3337;184;
3338;82;
3339;117;
3340;135;
3341;50;
3342;114;
3343;99;
3344;137;
3345;137;
3346;163;
3347;45;
3348;55;
3349;50;
3350;45;
3351;81;
3352;181;
3353;164;
3354;70;
3355;139;
3356;131;
3357;82;
3358;59;
3359;351;
3360;239;
3361;80;
3362;68;
3363;87;
3364;112;
3365;150;
3366;116;
3367;164;
3368;129;
3369;180;
3370;105;
3371;41;
3372;131;
3373;216;
3374;93;
3375;114;
3376;155;
3377;175;
3378;128;
3379;188;
3380;245;
3381;138;
3382;98;
3383;141;
3384;120;
3385;108;
3386;63;
3387;149;
3388;134;
3389;181;
3390;58;
3391;70;
3392;170;
3393;98;
3394;37;
3395;131;
3396;116;
3397;87;
3398;93;
3399;185;
3400;171;
3401;74;
3402;259;
3403;119;
3404;118;
3405;265;
3406;165;
3407;217;
3408;191;
3409;165;
3410;37;
3411;82;
3412;110;
3413;300;
3414;182;
3415;187;
3416;37;
3417;175;
3418;114;
3419;106;
3420;51;
3421;163;
3422;68;
3423;110;
3424;59;
3425;198;
3426;89;
3427;257;
3428;122;
3429;147;
3430;76;
3431;55;
3432;102;
3433;60;
3434;206;
3435;85;
3436;89;
3437;184;
3438;160;
3439;138;
3440;32;
3441;141;
3442;149;
3443;106;
3444;111;
3445;18;
3446;140;
3447;123;
3448;115;
3449;93;
3450;132;
3451;26;
3452;98;
3453;164;
3454;213;
3455;227;
3456;301;
3457;175;
3458;70;
3459;291;
3460;91;
3461;155;
3462;198;
3463;201;
3464;56;
3465;95;
3466;190;
3467;61;
3468;80;
3469;22;
3470;72;
3471;161;
3472;181;
3473;21;
3474;154;
3475;68;
3476;19;
3477;95;
3478;35;
3479;52;
3480;71;
3481;139;
3482;63;
3483;177;
3484;62;
3485;76;
3486;77;
3487;113;
3488;129;
3489;22;
3490;152;
3491;233;
3492;72;
3493;63;
3494;77;
3495;22;
3496;60;
3497;76;
3498;120;
3499;202;
3500;78;
3501;173;
3502;111;
3503;96;
3504;118;
3505;142;
3506;112;
3507;143;
3508;155;
3509;66;
3510;64;
3511;100;
3512;111;
3513;77;
3514;246;
3515;161;
3516;219;
3517;244;
3518;218;
3519;150;
3520;36;
3521;148;
3522;219;
3523;49;
3524;23;
3525;91;
3526;47;
3527;99;
3528;149;
3529;142;
3530;23;
3531;164;
3532;108;
3533;80;
3534;192;
3535;71;
3536;155;
3537;168;
3538;83;
3539;94;
3540;182;
3541;16;
3542;73;
3543;233;
3544;120;
3545;200;
3546;170;
3547;123;
3548;90;
3549;181;
3550;166;
3551;213;
3552;168;
3553;65;
3554;100;
3555;77;
3556;142;
3557;39;
3558;144;
3559;156;
3560;23;
3561;116;
3562;233;
3563;347;
3564;110;
3565;59;
3566;214;
3567;112;
3568;177;
3569;158;
3570;155;
3571;82;
3572;174;
3573;147;
3574;158;
3575;105;
3576;24;
3577;130;
3578;166;
3579;94;
3580;98;
3581;175;
3582;24;
3583;96;
3584;173;
3585;184;
3586;39;
3587;146;
3588;171;
3589;202;
3590;195;
3591;41;
3592;169;
3593;45;
3594;91;
3595;177;
3596;501;
3597;100;
3598;141;
3599;99;
3600;329;
3601;80;
3602;69;
3603;183;
3604;74;
3605;49;
3606;112;
3607;157;
3608;102;
3609;71;
3610;121;
3611;113;
3612;272;
3613;95;
3614;162;
3615;121;
3616;27;
3617;288;
3618;265;
3619;153;
3620;177;
3621;26;
3622;89;
3623;80;
3624;175;
3625;63;
3626;173;
3627;178;
3628;142;
3629;149;
3630;65;
3631;92;
3632;28;
3633;53;
3634;133;
3635;243;
3636;157;
3637;469;
3638;50;
3639;190;
3640;143;
3641;330;
3642;101;
3643;35;
3644;27;
3645;203;
3646;94;
3647;92;
3648;160;
3649;116;
3650;165;
3651;62;
3652;157;
3653;66;
3654;56;
3655;23;
3656;122;
3657;205;
3658;86;
3659;61;
3660;187;
3661;57;
3662;80;
3663;231;
3664;127;
3665;37;
3666;60;
3667;180;
3668;108;
3669;182;
3670;121;
3671;144;
3672;95;
3673;101;
3674;96;
3675;17;
3676;57;
3677;191;
3678;164;
3679;103;
3680;207;
3681;173;
3682;29;
3683;162;
3684;228;
3685;216;
3686;79;
3687;80;
3688;110;
3689;74;
3690;68;
3691;157;
3692;245;
3693;449;
3694;276;
3695;334;
3696;18;
3697;154;
3698;239;
3699;31;
3700;204;
3701;54;
3702;184;
3703;163;
3704;173;
3705;149;
3706;51;
3707;133;
3708;97;
3709;74;
3710;42;
3711;21;
3712;141;
3713;127;
3714;231;
3715;170;
3716;136;
3717;97;
3718;244;
3719;172;
3720;32;
3721;76;
3722;291;
3723;192;
3724;38;
3725;111;
3726;26;
3727;62;
3728;186;
3729;88;
3730;121;
3731;87;
3732;114;
3733;89;
3734;65;
3735;131;
3736;125;
3737;185;
3738;123;
3739;41;
3740;77;
3741;259;
3742;535;
3743;119;
3744;165;
3745;207;
3746;172;
3747;32;
3748;153;
3749;170;
3750;159;
3751;24;
3752;153;
3753;273;
3754;157;
3755;73;
3756;143;
3757;119;
3758;302;
3759;182;
3760;312;
3761;102;
3762;158;
3763;283;
3764;410;
3765;61;
3766;219;
3767;207;
3768;162;
3769;54;
3770;215;
3771;81;
3772;90;
3773;62;
3774;90;
3775;83;
3776;145;
3777;26;
3778;57;
3779;127;
3780;33;
3781;215;
3782;88;
3783;215;
3784;206;
3785;78;
3786;64;
3787;37;
3788;100;
3789;45;
3790;175;
3791;140;
3792;30;
3793;20;
3794;195;
3795;178;
3796;229;
3797;223;
3798;146;
3799;195;
3800;133;
3801;202;
3802;136;
3803;125;
3804;45;
3805;174;
3806;88;
3807;27;
3808;178;
3809;106;
3810;115;
3811;102;
3812;45;
3813;107;
3814;70;
3815;186;
3816;173;
3817;80;
3818;127;
3819;129;
3820;99;
3821;271;
3822;99;
3823;153;
3824;83;
3825;6;
3826;82;
3827;87;
3828;161;
3829;293;
3830;310;
3831;317;
3832;117;
3833;75;
3834;86;
3835;215;
3836;108;
3837;156;
3838;108;
3839;125;
3840;180;
3841;62;
3842;65;
3843;138;
3844;69;
3845;174;
3846;191;
3847;78;
3848;45;
3849;74;
3850;62;
3851;51;
3852;83;
3853;94;
3854;62;
3855;163;
3856;42;
3857;254;
3858;247;
3859;28;
3860;71;
3861;24;
3862;101;
3863;33;
3864;49;
3865;95;
3866;140;
3867;29;
3868;52;
3869;67;
3870;69;
3871;86;
3872;76;
3873;62;
3874;107;
3875;166;
3876;193;
3877;40;
3878;73;
3879;48;
3880;35;
3881;49;
3882;51;
3883;152;
3884;58;
3885;228;
3886;69;
3887;99;
3888;183;
3889;121;
3890;138;
3891;218;
3892;113;
3893;180;
3894;143;
3895;241;
3896;158;
3897;149;
3898;165;
3899;205;
3900;55;
3901;63;
3902;185;
3903;195;
3904;64;
3905;182;
3906;161;
3907;89;
3908;155;
3909;190;
3910;130;
3911;181;
3912;72;
3913;216;
3914;108;
3915;191;
3916;192;
3917;137;
3918;137;
3919;142;
3920;247;
3921;203;
3922;46;
3923;181;
3924;75;
3925;99;
3926;228;
3927;82;
3928;106;
3929;206;
3930;44;
3931;7;
3932;235;
3933;175;
3934;198;
3935;42;
3936;60;
3937;125;
3938;106;
3939;38;
3940;143;
3941;106;
3942;115;
3943;209;
3944;149;
3945;102;
3946;161;
3947;61;
3948;220;
3949;186;
3950;94;
3951;68;
3952;13;
3953;139;
3954;135;
3955;152;
3956;53;
3957;127;
3958;169;
3959;133;
3960;46;
3961;178;
3962;131;
3963;208;
3964;171;
3965;17;
3966;229;
3967;43;
3968;133;
3969;79;
3970;125;
3971;63;
3972;114;
3973;72;
3974;117;
3975;67;
3976;64;
3977;215;
3978;198;
3979;58;
3980;80;
3981;115;
3982;272;
3983;102;
3984;94;
3985;223;
3986;88;
3987;67;
3988;82;
3989;60;
3990;63;
3991;56;
3992;168;
3993;166;
3994;105;
3995;128;
3996;181;
3997;60;
3998;162;
3999;216;
4000;56;
4001;144;
4002;93;
4003;151;
4004;162;
4005;185;
4006;96;
4007;214;
4008;107;
4009;66;
4010;127;
4011;239;
4012;50;
4013;100;
4014;173;
4015;148;
4016;74;
4017;187;
4018;38;
4019;43;
4020;148;
4021;78;
4022;182;
4023;99;
4024;57;
4025;150;
4026;27;
4027;98;
4028;200;
4029;165;
4030;77;
4031;193;
4032;143;
4033;122;
4034;133;
4035;146;
4036;212;
4037;60;
4038;152;
4039;78;
4040;168;
4041;94;
4042;177;
4043;119;
4044;170;
4045;210;
4046;162;
4047;155;
4048;74;
4049;66;
4050;216;
4051;66;
4052;79;
4053;55;
4054;53;
4055;186;
4056;172;
4057;200;
4058;208;
4059;187;
4060;245;
4061;116;
4062;103;
4063;174;
4064;218;
4065;303;
4066;65;
4067;107;
4068;221;
4069;92;
4070;84;
4071;174;
4072;70;
4073;132;
4074;98;
4075;204;
4076;174;
4077;157;
4078;176;
4079;202;
4080;44;
4081;103;
4082;104;
4083;180;
4084;96;
4085;178;
4086;93;
4087;166;
4088;266;
4089;184;
4090;185;
4091;117;
4092;100;
4093;183;
4094;163;
4095;141;
4096;140;
4097;71;
4098;63;
4099;178;
4100;137;
4101;63;
4102;165;
4103;138;
4104;228;
4105;128;
4106;144;
4107;410;
4108;78;
4109;129;
4110;167;
4111;76;
4112;117;
4113;139;
4114;69;
4115;69;
4116;161;
4117;232;
4118;175;
4119;55;
4120;76;
4121;104;
4122;138;
4123;126;
4124;368;
4125;177;
4126;293;
4127;215;
4128;47;
4129;140;
4130;140;
4131;94;
4132;168;
4133;201;
4134;94;
4135;152;
4136;75;
4137;251;
4138;176;
4139;117;
4140;226;
4141;128;
4142;191;
4143;297;
4144;203;
4145;71;
4146;139;
4147;97;
4148;67;
4149;176;
4150;72;
4151;212;
4152;126;
4153;225;
4154;170;
4155;267;
4156;94;
4157;106;
4158;97;
4159;92;
4160;158;
4161;219;
4162;196;
4163;172;
4164;95;
4165;34;
4166;45;
4167;137;
4168;344;
4169;221;
4170;64;
4171;109;
4172;116;
4173;202;
4174;136;
4175;121;
4176;289;
4177;74;
4178;19;
4179;77;
4180;191;
4181;194;
4182;152;
4183;83;
4184;108;
4185;99;
4186;171;
4187;110;
4188;201;
4189;218;
4190;105;
4191;80;
4192;109;
4193;195;
4194;197;
4195;181;
4196;155;
4197;80;
4198;113;
4199;325;
4200;222;
4201;183;
4202;168;
4203;89;
4204;116;
4205;99;
4206;107;
4207;209;
4208;128;
4209;117;
4210;53;
4211;132;
4212;180;
4213;65;
4214;153;
4215;136;
4216;181;
4217;163;
4218;145;
4219;110;
4220;63;
4221;196;
4222;123;
4223;101;
4224;191;
4225;189;
4226;128;
4227;50;
4228;145;
4229;90;
4230;121;
4231;150;
4232;297;
4233;70;
4234;139;
4235;108;
4236;85;
4237;165;
4238;83;
4239;66;
4240;97;
4241;297;
4242;175;
4243;53;
4244;91;
4245;73;
4246;55;
4247;140;
4248;130;
4249;125;
4250;155;
4251;109;
4252;121;
4253;187;
4254;168;
4255;174;
4256;45;
4257;153;
4258;24;
4259;90;
4260;91;
4261;88;
4262;111;
4263;151;
4264;196;
4265;161;
4266;150;
4267;79;
4268;98;
4269;158;
4270;176;
4271;106;
4272;95;
4273;75;
4274;113;
4275;63;
4276;135;
4277;133;
4278;81;
4279;114;
4280;43;
4281;112;
4282;199;
4283;218;
4284;160;
4285;164;
4286;145;
4287;187;
4288;118;
4289;25;
4290;221;
4291;287;
4292;95;
4293;86;
4294;141;
4295;136;
4296;218;
4297;231;
4298;152;
4299;164;
4300;151;
4301;103;
4302;265;
4303;92;
4304;343;
4305;79;
4306;84;
4307;379;
4308;133;
4309;92;
4310;122;
4311;39;
4312;134;
4313;65;
4314;28;
4315;214;
4316;163;
4317;212;
4318;166;
4319;127;
4320;115;
4321;122;
4322;177;
4323;225;
4324;232;
4325;195;
4326;99;
4327;162;
4328;46;
4329;181;
4330;188;
4331;205;
4332;192;
4333;37;
4334;54;
4335;135;
4336;239;
4337;94;
4338;62;
4339;205;
4340;116;
4341;204;
4342;193;
4343;148;
4344;154;
4345;164;
4346;219;
4347;47;
4348;64;
4349;98;
4350;85;
4351;140;
4352;238;
4353;161;
4354;33;
4355;161;
4356;150;
4357;122;
4358;53;
4359;166;
4360;162;
4361;187;
4362;290;
4363;175;
4364;135;
4365;129;
4366;104;
4367;135;
4368;101;
4369;61;
4370;78;
4371;154;
4372;124;
4373;166;
4374;57;
4375;139;
4376;160;
4377;184;
4378;56;
4379;141;
4380;85;
4381;50;
4382;245;
4383;213;
4384;132;
4385;133;
4386;160;
4387;172;
4388;81;
4389;96;
4390;192;
4391;53;
4392;85;
4393;157;
4394;112;
4395;67;
4396;115;
4397;56;
4398;196;
4399;195;
4400;181;
4401;141;
4402;117;
4403;127;
4404;195;
4405;84;
4406;97;
4407;111;
4408;148;
4409;152;
4410;129;
4411;44;
4412;178;
4413;106;
4414;191;
4415;119;
4416;163;
4417;183;
4418;147;
4419;234;
4420;44;
4421;237;
4422;68;
4423;180;
4424;165;
4425;57;
4426;83;
4427;199;
4428;80;
4429;41;
4430;154;
4431;230;
4432;137;
4433;32;
4434;68;
4435;173;
4436;188;
4437;124;
4438;169;
4439;82;
4440;49;
4441;87;
4442;134;
4443;152;
4444;140;
4445;141;
4446;80;
4447;141;
4448;172;
4449;118;
4450;216;
4451;48;
4452;197;
4453;117;
4454;154;
4455;128;
4456;204;
4457;177;
4458;97;
4459;156;
4460;99;
4461;110;
4462;190;
4463;161;
4464;121;
4465;45;
4466;109;
4467;219;
4468;168;
4469;253;
4470;88;
4471;149;
4472;268;
4473;201;
4474;138;
4475;171;
4476;200;
4477;92;
4478;107;
4479;111;
4480;81;
4481;121;
4482;124;
4483;138;
4484;153;
4485;169;
4486;198;
4487;213;
4488;56;
4489;130;
4490;102;
4491;186;
4492;64;
4493;208;
4494;90;
4495;51;
4496;104;
4497;215;
4498;166;
4499;63;
4500;139;
4501;204;
4502;63;
4503;186;
4504;112;
4505;211;
4506;33;
4507;119;
4508;53;
4509;71;
4510;117;
4511;86;
4512;54;
4513;48;
4514;98;
4515;59;
4516;211;
4517;202;
4518;44;
4519;108;
4520;81;
4521;144;
4522;232;
4523;158;
4524;267;
4525;58;
4526;119;
4527;264;
4528;119;
4529;118;
4530;273;
4531;445;
4532;160;
4533;60;
4534;179;
4535;141;
4536;113;
4537;39;
4538;78;
4539;122;
4540;164;
4541;73;
4542;183;
4543;111;
4544;157;
4545;83;
4546;190;
4547;176;
4548;236;
4549;49;
4550;197;
4551;131;
4552;82;
4553;122;
4554;222;
4555;112;
4556;125;
4557;206;
4558;140;
4559;182;
4560;30;
4561;84;
4562;83;
4563;203;
4564;212;
4565;41;
4566;75;
4567;190;
4568;120;
4569;171;
4570;83;
4571;77;
4572;118;
4573;82;
4574;139;
4575;304;
4576;149;
4577;189;
4578;136;
4579;62;
4580;206;
4581;198;
4582;280;
4583;66;
4584;41;
4585;152;
4586;102;
4587;33;
4588;79;
4589;210;
4590;35;
4591;92;
4592;134;
4593;94;
4594;70;
4595;148;
4596;130;
4597;76;
4598;193;
4599;89;
4600;232;
4601;160;
4602;220;
4603;102;
4604;208;
4605;117;
4606;183;
4607;196;
4608;51;
4609;123;
4610;206;
4611;159;
4612;79;
4613;122;
4614;133;
4615;220;
4616;36;
4617;198;
4618;239;
4619;223;
4620;170;
4621;151;
4622;161;
4623;148;
4624;89;
4625;111;
4626;65;
4627;101;
4628;284;
4629;43;
4630;95;
4631;125;
4632;215;
4633;285;
4634;128;
4635;119;
4636;101;
4637;107;
4638;118;
4639;86;
4640;77;
4641;165;
4642;185;
4643;44;
4644;76;
4645;81;
4646;81;
4647;114;
4648;108;
4649;157;
4650;174;
4651;123;
4652;50;
4653;125;
4654;119;
4655;119;
4656;105;
4657;120;
4658;132;
4659;209;
4660;81;
4661;76;
4662;143;
4663;155;
4664;252;
4665;89;
4666;140;
4667;99;
4668;167;
4669;69;
4670;118;
4671;195;
4672;144;
4673;189;
4674;43;
4675;133;
4676;165;
4677;120;
4678;72;
4679;132;
4680;163;
4681;114;
4682;170;
4683;79;
4684;277;
4685;124;
4686;256;
4687;182;
4688;133;
4689;158;
4690;192;
4691;51;
4692;153;
4693;192;
4694;180;
4695;132;
4696;161;
4697;156;
4698;71;
4699;145;
4700;86;
4701;81;
4702;81;
4703;138;
4704;45;
4705;128;
4706;280;
4707;130;
4708;73;
4709;130;
4710;192;
4711;131;
4712;260;
4713;30;
4714;166;
4715;124;
4716;207;
4717;164;
4718;98;
4719;97;
4720;136;
4721;192;
4722;104;
4723;80;
4724;74;
4725;145;
4726;155;
4727;86;
4728;151;
4729;211;
4730;227;
4731;153;
4732;305;
4733;42;
4734;194;
4735;34;
4736;70;
4737;133;
4738;109;
4739;90;
4740;171;
4741;54;
4742;137;
4743;157;
4744;101;
4745;122;
4746;153;
4747;226;
4748;178;
4749;85;
4750;131;
4751;119;
4752;49;
4753;101;
4754;104;
4755;177;
4756;146;
4757;77;
4758;120;
4759;102;
4760;174;
4761;146;
4762;37;
4763;144;
4764;206;
4765;169;
4766;99;
4767;182;
4768;171;
4769;54;
4770;180;
4771;102;
4772;192;
4773;110;
4774;40;
4775;128;
4776;127;
4777;60;
4778;175;
4779;216;
4780;47;
4781;253;
4782;208;
4783;68;
4784;118;
4785;119;
4786;147;
4787;47;
4788;91;
4789;202;
4790;162;
4791;296;
4792;294;
4793;229;
4794;171;
4795;173;
4796;78;
4797;113;
4798;142;
4799;53;
4800;161;
4801;186;
4802;102;
4803;99;
4804;213;
4805;198;
4806;108;
4807;59;
4808;38;
4809;163;
4810;174;
4811;78;
4812;138;
4813;75;
4814;189;
4815;225;
4816;192;
4817;161;
4818;161;
4819;161;
4820;176;
4821;86;
4822;51;
4823;202;
4824;311;
4825;79;
4826;141;
4827;75;
4828;128;
4829;57;
4830;96;
4831;98;
4832;75;
4833;96;
4834;80;
4835;45;
4836;132;
4837;145;
4838;185;
4839;160;
4840;62;
4841;168;
4842;101;
4843;78;
4844;75;
4845;151;
4846;145;
4847;218;
4848;29;
4849;94;
4850;299;
4851;110;
4852;44;
4853;81;
4854;179;
4855;204;
4856;165;
4857;106;
4858;234;
4859;30;
4860;25;
4861;37;
4862;199;
4863;78;
4864;125;
4865;187;
4866;20;
4867;26;
4868;184;
4869;26;
4870;36;
4871;133;
4872;307;
4873;136;
4874;88;
4875;143;
4876;41;
4877;42;
4878;170;
4879;194;
4880;185;
4881;165;
4882;130;
4883;112;
4884;68;
4885;19;
4886;169;
4887;84;
4888;184;
4889;114;
4890;318;
4891;58;
4892;113;
4893;125;
4894;168;
4895;72;
4896;61;
4897;172;
4898;122;
4899;80;
4900;79;
4901;135;
4902;121;
4903;201;
4904;35;
4905;177;
4906;104;
4907;268;
4908;95;
4909;33;
4910;72;
4911;180;
4912;149;
4913;48;
4914;74;
4915;120;
4916;21;
4917;136;
4918;119;
4919;170;
4920;160;
4921;181;
4922;140;
4923;135;
4924;92;
4925;127;
4926;66;
4927;51;
4928;36;
4929;295;
4930;221;
4931;153;
4932;205;
4933;94;
4934;30;
4935;43;
4936;136;
4937;232;
4938;91;
4939;316;
4940;210;
4941;264;
4942;20;
4943;360;
4944;110;
4945;169;
4946;134;
4947;161;
4948;141;
4949;24;
4950;214;
4951;20;
4952;77;
4953;28;
4954;4;
4955;350;
4956;52;
4957;219;
4958;22;
4959;201;
4960;46;
4961;123;
4962;140;
4963;161;
4964;76;
4965;220;
4966;24;
4967;174;
4968;93;
4969;118;
4970;66;
4971;218;
4972;86;
4973;161;
4974;125;
4975;18;
4976;115;
4977;53;
4978;126;
4979;213;
4980;214;
4981;177;
4982;85;
4983;96;
4984;162;
4985;53;
4986;87;
4987;34;
4988;124;
4989;209;
4990;43;
4991;111;
4992;28;
4993;52;
4994;183;
4995;121;
4996;163;
4997;111;
4998;84;
4999;141;
5000;18;
5001;18;
5002;246;
5003;169;
5004;92;
5005;46;
5006;87;
5007;242;
5008;225;
5009;20;
5010;31;
5011;179;
5012;27;
5013;68;
5014;155;
5015;134;
5016;16;
5017;164;
5018;63;
5019;176;
5020;118;
5021;206;
5022;134;
5023;149;
5024;49;
5025;152;
5026;143;
5027;157;
5028;36;
5029;75;
5030;128;
5031;97;
5032;99;
5033;184;
5034;39;
5035;63;
5036;91;
5037;121;
5038;106;
5039;117;
5040;183;
5041;21;
5042;105;
5043;147;
5044;33;
5045;50;
5046;138;
5047;99;
5048;166;
5049;128;
5050;255;
5051;112;
5052;108;
5053;206;
5054;38;
5055;245;
5056;209;
5057;158;
5058;21;
5059;33;
5060;57;
5061;20;
5062;207;
5063;255;
5064;29;
5065;185;
5066;21;
5067;121;
5068;159;
5069;29;
5070;201;
5071;144;
5072;133;
5073;139;
5074;241;
5075;104;
5076;150;
5077;31;
5078;130;
5079;104;
5080;46;
5081;91;
5082;163;
5083;29;
5084;268;
5085;198;
5086;137;
5087;179;
5088;132;
5089;90;
5090;144;
5091;59;
5092;87;
5093;305;
5094;69;
5095;98;
5096;46;
5097;133;
5098;122;
5099;122;
5100;130;
5101;37;
5102;60;
5103;112;
5104;151;
5105;142;
5106;43;
5107;194;
5108;158;
5109;181;
5110;206;
5111;143;
5112;148;
5113;167;
5114;211;
5115;40;
5116;155;
5117;58;
5118;36;
5119;17;
5120;176;
5121;20;
5122;31;
5123;23;
5124;39;
5125;229;
5126;159;
5127;18;
5128;180;
5129;234;
5130;196;
5131;130;
5132;26;
5133;156;
5134;46;
5135;197;
5136;125;
5137;98;
5138;79;
5139;193;
5140;133;
5141;101;
5142;287;
5143;168;
5144;90;
5145;173;
5146;105;
5147;74;
5148;129;
5149;99;
5150;172;
5151;176;
5152;92;
5153;209;
5154;93;
5155;217;
5156;81;
5157;76;
5158;40;
5159;179;
5160;96;
5161;103;
5162;168;
5163;155;
5164;185;
5165;174;
5166;121;
5167;131;
5168;129;
5169;135;
5170;217;
5171;139;
5172;60;
5173;154;
5174;127;
5175;52;
5176;35;
5177;133;
5178;192;
5179;190;
5180;109;
5181;126;
5182;90;
5183;186;
5184;117;
5185;103;
5186;127;
5187;248;
5188;93;
5189;105;
5190;153;
5191;244;
5192;102;
5193;83;
5194;60;
5195;183;
5196;126;
5197;129;
5198;178;
5199;114;
5200;63;
5201;126;
5202;127;
5203;52;
5204;143;
5205;145;
5206;217;
5207;23;
5208;91;
5209;163;
5210;184;
5211;15;
5212;128;
5213;72;
5214;42;
5215;155;
5216;36;
5217;186;
5218;76;
5219;113;
5220;148;
5221;137;
5222;254;
5223;138;
5224;119;
5225;179;
5226;52;
5227;256;
5228;255;
5229;169;
5230;159;
5231;62;
5232;125;
5233;148;
5234;30;
5235;102;
5236;169;
5237;189;
5238;181;
5239;196;
5240;105;
5241;64;
5242;99;
5243;224;
5244;112;
5245;193;
5246;100;
5247;57;
5248;237;
5249;127;
5250;21;
5251;122;
5252;240;
5253;53;
5254;118;
5255;167;
5256;203;
5257;177;
5258;235;
5259;115;
5260;106;
5261;191;
5262;45;
5263;33;
5264;136;
5265;192;
5266;119;
5267;34;
5268;140;
5269;137;
5270;220;
5271;176;
5272;115;
5273;403;
5274;133;
5275;54;
5276;175;
5277;90;
5278;229;
5279;205;
5280;74;
5281;79;
5282;97;
5283;106;
5284;180;
5285;84;
5286;56;
5287;152;
5288;268;
5289;180;
5290;147;
5291;144;
5292;134;
5293;122;
5294;145;
5295;145;
5296;102;
5297;66;
5298;199;
5299;199;
5300;206;
5301;61;
5302;149;
5303;189;
5304;65;
5305;83;
5306;224;
5307;55;
5308;34;
5309;43;
5310;254;
5311;114;
5312;199;
5313;224;
5314;46;
5315;101;
5316;117;
5317;25;
5318;159;
5319;226;
5320;221;
5321;202;
5322;174;
5323;119;
5324;65;
5325;39;
5326;42;
5327;118;
5328;20;
5329;87;
5330;37;
5331;30;
5332;198;
5333;157;
5334;32;
5335;142;
5336;196;
5337;51;
5338;97;
5339;287;
5340;107;
5341;181;
5342;261;
5343;223;
5344;118;
5345;84;
5346;138;
5347;126;
5348;203;
5349;73;
5350;97;
5351;122;
5352;205;
5353;231;
5354;135;
5355;268;
5356;111;
5357;198;
5358;106;
5359;123;
5360;204;
5361;198;
5362;121;
5363;78;
5364;139;
5365;46;
5366;220;
5367;133;
5368;37;
5369;80;
5370;83;
5371;137;
5372;112;
5373;81;
5374;80;
5375;74;
5376;67;
5377;138;
5378;130;
5379;124;
5380;155;
5381;57;
5382;88;
5383;226;
5384;171;
5385;190;
5386;76;
5387;62;
5388;100;
5389;142;
5390;133;
5391;77;
5392;178;
5393;164;
5394;67;
5395;140;
5396;171;
5397;131;
5398;279;
5399;24;
5400;22;
5401;57;
5402;215;
5403;224;
5404;178;
5405;156;
5406;299;
5407;43;
5408;175;
5409;130;
5410;124;
5411;20;
5412;104;
5413;104;
5414;234;
5415;20;
5416;188;
5417;218;
5418;39;
5419;17;
5420;115;
5421;63;
5422;69;
5423;111;
5424;190;
5425;147;
5426;180;
5427;144;
5428;236;
5429;219;
5430;124;
5431;291;
5432;22;
5433;137;
5434;125;
5435;237;
5436;203;
5437;188;
5438;98;
5439;66;
5440;13;
5441;68;
5442;92;
5443;227;
5444;129;
5445;147;
5446;89;
5447;49;
5448;187;
5449;45;
5450;36;
5451;70;
5452;233;
5453;219;
5454;136;
5455;33;
5456;46;
5457;58;
5458;33;
5459;84;
5460;78;
5461;151;
5462;150;
5463;129;
5464;94;
5465;50;
5466;138;
5467;54;
5468;48;
5469;192;
5470;162;
5471;188;
5472;115;
5473;88;
5474;118;
5475;182;
5476;209;
5477;60;
5478;74;
5479;150;
5480;132;
5481;163;
5482;177;
5483;172;
5484;124;
5485;184;
5486;155;
5487;60;
5488;144;
5489;45;
5490;194;
5491;136;
5492;176;
5493;86;
5494;173;
5495;178;
5496;27;
5497;236;
5498;68;
5499;262;
5500;51;
5501;176;
5502;178;
5503;31;
5504;129;
5505;114;
5506;87;
5507;111;
5508;171;
5509;30;
5510;267;
5511;26;
5512;28;
5513;206;
5514;177;
5515;20;
5516;223;
5517;168;
5518;97;
5519;201;
5520;196;
5521;79;
5522;117;
5523;104;
5524;76;
5525;66;
5526;115;
5527;36;
5528;83;
5529;177;
5530;137;
5531;244;
5532;251;
5533;130;
5534;82;
5535;126;
5536;133;
5537;183;
5538;120;
5539;120;
5540;56;
5541;46;
5542;149;
5543;190;
5544;41;
5545;90;
5546;134;
5547;164;
5548;134;
5549;116;
5550;44;
5551;158;
5552;96;
5553;141;
5554;36;
5555;134;
5556;61;
5557;147;
5558;72;
5559;219;
5560;153;
5561;158;
5562;117;
5563;160;
5564;155;
5565;165;
5566;130;
5567;159;
5568;175;
5569;54;
5570;37;
5571;196;
5572;232;
5573;152;
5574;261;
5575;45;
5576;101;
5577;177;
5578;34;
5579;163;
5580;271;
5581;168;
5582;129;
5583;125;
5584;115;
5585;129;
5586;20;
5587;157;
5588;69;
5589;71;
5590;126;
5591;41;
5592;281;
5593;126;
5594;27;
5595;27;
5596;146;
5597;58;
5598;107;
5599;173;
5600;181;
5601;112;
5602;123;
5603;226;
5604;182;
5605;86;
5606;121;
5607;111;
5608;197;
5609;114;
5610;74;
5611;92;
5612;251;
5613;87;
5614;78;
5615;98;
5616;79;
5617;18;
5618;87;
5619;83;
5620;61;
5621;122;
5622;36;
5623;160;
5624;55;
5625;109;
5626;151;
5627;41;
5628;78;
5629;249;
5630;146;
5631;156;
5632;128;
5633;106;
5634;102;
5635;174;
5636;127;
5637;160;
5638;124;
5639;96;
5640;101;
5641;84;
5642;152;
5643;162;
5644;54;
5645;207;
5646;77;
5647;125;
5648;177;
5649;70;
5650;154;
5651;74;
5652;60;
5653;154;
5654;232;
5655;135;
5656;154;
5657;145;
5658;138;
5659;104;
5660;97;
5661;94;
5662;143;
5663;63;
5664;16;
5665;54;
5666;78;
5667;106;
5668;174;
5669;233;
5670;32;
5671;136;
5672;179;
5673;80;
5674;79;
5675;108;
5676;131;
5677;241;
5678;45;
5679;24;
5680;50;
5681;20;
5682;256;
5683;142;
5684;75;
5685;224;
5686;132;
5687;159;
5688;123;
5689;93;
5690;156;
5691;116;
5692;138;
5693;192;
5694;59;
5695;144;
5696;103;
5697;128;
5698;190;
5699;115;
5700;196;
5701;92;
5702;146;
5703;227;
5704;303;
5705;49;
5706;240;
5707;139;
5708;205;
5709;99;
5710;116;
5711;117;
5712;179;
5713;55;
5714;55;
5715;157;
5716;104;
5717;56;
5718;276;
5719;234;
5720;51;
5721;29;
5722;264;
5723;175;
5724;134;
5725;131;
5726;84;
5727;105;
5728;142;
5729;122;
5730;121;
5731;51;
5732;50;
5733;141;
5734;86;
5735;172;
5736;79;
5737;83;
5738;168;
5739;72;
5740;156;
5741;263;
5742;107;
5743;149;
5744;102;
5745;254;
5746;92;
5747;264;
5748;108;
5749;221;
5750;114;
5751;30;
5752;205;
5753;193;
5754;154;
5755;121;
5756;188;
5757;23;
5758;203;
5759;152;
5760;152;
5761;166;
5762;75;
5763;92;
5764;65;
5765;124;
5766;82;
5767;181;
5768;197;
5769;183;
5770;106;
5771;266;
5772;169;
5773;158;
5774;157;
5775;146;
5776;80;
5777;85;
5778;149;
5779;167;
5780;187;
5781;182;
5782;151;
5783;162;
5784;77;
5785;161;
5786;129;
5787;116;
5788;107;
5789;155;
5790;172;
5791;100;
5792;25;
5793;25;
5794;142;
5795;153;
5796;98;
5797;31;
5798;231;
5799;141;
5800;202;
5801;135;
5802;212;
5803;147;
5804;155;
5805;125;
5806;123;
5807;70;
5808;41;
5809;107;
5810;210;
5811;91;
5812;128;
5813;83;
5814;87;
5815;113;
5816;196;
5817;129;
5818;152;
5819;190;
5820;135;
5821;28;
5822;84;
5823;113;
5824;88;
5825;187;
5826;38;
5827;82;
5828;82;
5829;179;
5830;60;
5831;93;
5832;184;
5833;133;
5834;91;
5835;186;
5836;249;
5837;25;
5838;240;
5839;158;
5840;253;
5841;27;
5842;56;
5843;170;
5844;82;
5845;21;
5846;51;
5847;160;
5848;97;
5849;181;
5850;130;
5851;155;
5852;43;
5853;98;
5854;131;
5855;147;
5856;143;
5857;87;
5858;254;
5859;182;
5860;86;
5861;147;
5862;21;
5863;81;
5864;196;
5865;79;
5866;70;
5867;81;
5868;165;
5869;123;
5870;175;
5871;245;
5872;181;
5873;96;
5874;170;
5875;118;
5876;114;
5877;108;
5878;46;
5879;73;
5880;159;
5881;95;
5882;31;
5883;151;
5884;183;
5885;55;
5886;58;
5887;125;
5888;166;
5889;136;
5890;111;
5891;291;
5892;122;
5893;84;
5894;29;
5895;122;
5896;36;
5897;199;
5898;169;
5899;81;
5900;235;
5901;264;
5902;49;
5903;83;
5904;174;
5905;129;
5906;124;
5907;68;
5908;74;
5909;123;
5910;58;
5911;54;
5912;112;
5913;45;
5914;55;
5915;110;
5916;91;
5917;178;
5918;194;
5919;49;
5920;112;
5921;157;
5922;180;
5923;63;
5924;157;
5925;142;
5926;16;
5927;124;
5928;163;
5929;231;
5930;116;
5931;166;
5932;104;
5933;55;
5934;112;
5935;270;
5936;88;
5937;115;
5938;42;
5939;164;
5940;83;
5941;21;
5942;213;
5943;104;
5944;97;
5945;27;
5946;227;
5947;36;
5948;246;
5949;119;
5950;86;
5951;32;
5952;175;
5953;49;
5954;33;
5955;142;
5956;238;
5957;262;
5958;224;
5959;33;
5960;148;
5961;102;
5962;116;
5963;241;
5964;51;
5965;173;
5966;254;
5967;19;
5968;83;
5969;200;
5970;118;
5971;86;
5972;203;
5973;101;
5974;169;
5975;103;
5976;74;
5977;48;
5978;230;
5979;141;
5980;89;
5981;203;
5982;220;
5983;182;
5984;114;
5985;146;
5986;199;
5987;60;
5988;113;
5989;115;
5990;87;
5991;121;
5992;137;
5993;279;
5994;81;
5995;116;
5996;160;
5997;170;
5998;135;
5999;154;
6000;41;
6001;63;
6002;120;
6003;48;
6004;86;
6005;123;
6006;197;
6007;40;
6008;35;
6009;142;
6010;26;
6011;73;
6012;139;
6013;116;
6014;93;
6015;91;
6016;170;
6017;47;
6018;104;
6019;106;
6020;196;
6021;49;
6022;174;
6023;166;
6024;164;
6025;194;
6026;112;
6027;184;
6028;67;
6029;107;
6030;117;
6031;157;
6032;132;
6033;58;
6034;132;
6035;103;
6036;95;
6037;87;
6038;9;
6039;274;
6040;72;
6041;95;
6042;20;
6043;19;
6044;93;
6045;170;
6046;144;
6047;65;
6048;153;
6049;36;
6050;95;
6051;27;
6052;38;
6053;165;
6054;117;
6055;268;
6056;95;
6057;128;
6058;245;
6059;25;
6060;106;
6061;13;
6062;70;
6063;211;
6064;23;
6065;212;
6066;91;
6067;88;
6068;87;
6069;110;
6070;173;
6071;121;
6072;145;
6073;59;
6074;178;
6075;29;
6076;31;
6077;100;
6078;125;
6079;122;
6080;222;
6081;97;
6082;91;
6083;64;
6084;107;
6085;180;
6086;87;
6087;261;
6088;127;
6089;159;
6090;107;
6091;173;
6092;37;
6093;175;
6094;238;
6095;221;
6096;272;
6097;85;
6098;137;
6099;82;
6100;156;
6101;125;
6102;160;
6103;137;
6104;219;
6105;89;
6106;74;
6107;68;
6108;188;
6109;86;
6110;56;
6111;110;
6112;74;
6113;108;
6114;276;
6115;158;
6116;121;
6117;55;
6118;92;
6119;156;
6120;160;
6121;101;
6122;211;
6123;124;
6124;111;
6125;198;
6126;88;
6127;185;
6128;152;
6129;173;
6130;133;
6131;183;
6132;299;
6133;64;
6134;104;
6135;167;
6136;86;
6137;168;
6138;35;
6139;229;
6140;110;
6141;211;
6142;141;
6143;190;
6144;233;
6145;78;
6146;30;
6147;175;
6148;106;
6149;24;
6150;77;
6151;20;
6152;140;
6153;112;
6154;81;
6155;73;
6156;221;
6157;155;
6158;248;
6159;22;
6160;117;
6161;162;
6162;103;
6163;61;
6164;108;
6165;169;
6166;120;
6167;135;
6168;151;
6169;98;
6170;113;
6171;181;
6172;154;
6173;155;
6174;47;
6175;56;
6176;105;
6177;100;
6178;113;
6179;240;
6180;150;
6181;107;
6182;98;
6183;129;
6184;102;
6185;99;
6186;182;
6187;189;
6188;110;
6189;81;
6190;115;
6191;153;
6192;200;
6193;180;
6194;194;
6195;175;
6196;201;
6197;190;
6198;178;
6199;224;
6200;200;
6201;199;
6202;189;
6203;124;
6204;243;
6205;147;
6206;151;
6207;126;
6208;748;
6209;127;
6210;282;
6211;173;
6212;80;
6213;182;
6214;39;
6215;212;
6216;37;
6217;113;
6218;41;
6219;162;
6220;169;
6221;78;
6222;201;
6223;255;
6224;121;
6225;115;
6226;265;
6227;74;
6228;68;
6229;51;
6230;96;
6231;86;
6232;120;
6233;57;
6234;187;
6235;85;
6236;147;
6237;171;
6238;199;
6239;50;
6240;219;
6241;278;
6242;145;
6243;17;
6244;125;
6245;163;
6246;95;
6247;161;
6248;56;
6249;109;
6250;212;
6251;277;
6252;150;
6253;250;
6254;216;
6255;115;
6256;191;
6257;195;
6258;118;
6259;84;
6260;293;
6261;594;
6262;137;
6263;127;
6264;84;
6265;237;
6266;157;
6267;210;
6268;308;
6269;309;
6270;256;
6271;152;
6272;48;
6273;133;
6274;179;
6275;117;
6276;213;
6277;62;
6278;196;
6279;100;
6280;131;
6281;247;
6282;76;
6283;84;
6284;93;
6285;150;
6286;89;
6287;164;
6288;148;
6289;102;
6290;36;
6291;160;
6292;109;
6293;225;
6294;27;
6295;106;
6296;115;
6297;30;
6298;204;
6299;344;
6300;72;
6301;37;
6302;184;
6303;97;
6304;133;
6305;163;
6306;96;
6307;156;
6308;178;
6309;161;
6310;123;
6311;96;
6312;255;
6313;116;
6314;182;
6315;205;
6316;191;
6317;61;
6318;99;
6319;86;
6320;54;
6321;241;
6322;179;
6323;281;
6324;487;
6325;86;
6326;68;
6327;177;
6328;224;
6329;514;
6330;49;
6331;168;
6332;321;
6333;169;
6334;110;
6335;212;
6336;127;
6337;107;
6338;318;
6339;206;
6340;222;
6341;505;
6342;270;
6343;62;
6344;119;
6345;166;
6346;111;
6347;91;
6348;141;
6349;387;
6350;99;
6351;45;
6352;208;
6353;149;
6354;171;
6355;295;
6356;230;
6357;156;
6358;395;
6359;156;
6360;213;
6361;209;
6362;49;
6363;68;
6364;89;
6365;145;
6366;188;
6367;103;
6368;61;
6369;106;
6370;151;
6371;53;
6372;91;
6373;111;
6374;140;
6375;108;
6376;84;
6377;160;
6378;96;
6379;78;
6380;194;
6381;135;
6382;126;
6383;179;
6384;140;
6385;266;
6386;128;
6387;55;
6388;59;
6389;198;
6390;103;
6391;105;
6392;195;
6393;154;
6394;121;
6395;121;
6396;109;
6397;200;
6398;112;
6399;230;
6400;58;
6401;82;
6402;139;
6403;124;
6404;177;
6405;132;
6406;110;
6407;52;
6408;56;
6409;176;
6410;116;
6411;126;
6412;70;
6413;128;
6414;85;
6415;131;
6416;52;
6417;48;
6418;69;
6419;20;
6420;244;
6421;88;
6422;64;
6423;180;
6424;88;
6425;123;
6426;296;
6427;16;
6428;198;
6429;108;
6430;143;
6431;218;
6432;48;
6433;117;
6434;158;
6435;271;
6436;81;
6437;71;
6438;234;
6439;117;
6440;111;
6441;130;
6442;37;
6443;160;
6444;94;
6445;86;
6446;142;
6447;161;
6448;75;
6449;255;
6450;50;
6451;108;
6452;144;
6453;163;
6454;224;
6455;225;
6456;120;
6457;282;
6458;102;
6459;274;
6460;110;
6461;125;
6462;175;
6463;335;
6464;76;
6465;241;
6466;121;
6467;63;
6468;62;
6469;245;
6470;146;
6471;189;
6472;187;
6473;124;
6474;105;
6475;102;
6476;137;
6477;113;
6478;221;
6479;118;
6480;296;
6481;200;
6482;129;
6483;207;
6484;127;
6485;177;
6486;145;
6487;208;
6488;59;
6489;139;
6490;242;
6491;143;
6492;90;
6493;133;
6494;66;
6495;174;
6496;123;
6497;72;
6498;20;
6499;99;
6500;133;
6501;157;
6502;29;
6503;179;
6504;198;
6505;123;
6506;71;
6507;147;
6508;110;
6509;192;
6510;46;
6511;104;
6512;101;
6513;110;
6514;52;
6515;214;
6516;266;
6517;122;
6518;33;
6519;134;
6520;218;
6521;147;
6522;17;
6523;140;
6524;142;
6525;72;
6526;115;
6527;87;
6528;162;
6529;40;
6530;37;
6531;98;
6532;168;
6533;200;
6534;163;
6535;138;
6536;33;
6537;135;
6538;32;
6539;186;
6540;174;
6541;140;
6542;303;
6543;29;
6544;139;
6545;276;
6546;111;
6547;68;
6548;80;
6549;82;
6550;140;
6551;56;
6552;150;
6553;60;
6554;99;
6555;196;
6556;171;
6557;124;
6558;129;
6559;160;
6560;453;
6561;250;
6562;235;
6563;132;
6564;241;
6565;90;
6566;64;
6567;85;
6568;172;
6569;112;
6570;55;
6571;94;
6572;68;
6573;232;
6574;192;
6575;211;
6576;181;
6577;63;
6578;154;
6579;137;
6580;149;
6581;136;
6582;70;
6583;153;
6584;132;
6585;95;
6586;143;
6587;119;
6588;238;
6589;61;
6590;140;
6591;105;
6592;65;
6593;125;
6594;134;
6595;312;
6596;31;
6597;101;
6598;158;
6599;57;
6600;239;
6601;159;
6602;57;
6603;98;
6604;150;
6605;154;
6606;250;
6607;173;
6608;389;
6609;151;
6610;124;
6611;91;
6612;235;
6613;208;
6614;274;
6615;93;
6616;169;
6617;54;
6618;128;
6619;163;
6620;96;
6621;52;
6622;82;
6623;134;
6624;118;
6625;76;
6626;103;
6627;476;
6628;186;
6629;117;
6630;621;
6631;203;
6632;134;
6633;298;
6634;239;
6635;317;
6636;127;
6637;86;
6638;292;
6639;202;
6640;214;
6641;89;
6642;204;
6643;129;
6644;32;
6645;61;
6646;260;
6647;148;
6648;35;
6649;78;
6650;137;
6651;200;
6652;57;
6653;64;
6654;119;
6655;102;
6656;198;
6657;228;
6658;69;
6659;254;
6660;259;
6661;42;
6662;169;
6663;26;
6664;105;
6665;68;
6666;139;
6667;93;
6668;125;
6669;170;
6670;58;
6671;57;
6672;79;
6673;96;
6674;54;
6675;189;
6676;119;
6677;36;
6678;101;
6679;164;
6680;86;
6681;83;
6682;77;
6683;64;
6684;91;
6685;57;
6686;26;
6687;248;
6688;91;
6689;102;
6690;113;
6691;79;
6692;160;
6693;74;
6694;216;
6695;119;
6696;229;
6697;58;
6698;134;
6699;163;
6700;114;
6701;296;
6702;76;
6703;74;
6704;108;
6705;161;
6706;164;
6707;69;
6708;85;
6709;76;
6710;163;
6711;107;
6712;106;
6713;256;
6714;95;
6715;146;
6716;138;
6717;165;
6718;148;
6719;82;
6720;56;
6721;60;
6722;43;
6723;103;
6724;75;
6725;55;
6726;108;
6727;109;
6728;98;
6729;127;
6730;109;
6731;81;
6732;85;
6733;79;
6734;154;
6735;101;
6736;85;
6737;62;
6738;46;
6739;117;
6740;209;
6741;117;
6742;61;
6743;63;
6744;141;
6745;180;
6746;211;
6747;77;
6748;88;
6749;110;
6750;222;
6751;127;
6752;252;
6753;123;
6754;181;
6755;62;
6756;37;
6757;208;
6758;69;
6759;166;
6760;56;
6761;103;
6762;161;
6763;276;
6764;201;
6765;36;
6766;51;
6767;193;
6768;61;
6769;100;
6770;110;
6771;134;
6772;72;
6773;121;
6774;76;
6775;72;
6776;137;
6777;182;
6778;70;
6779;93;
6780;92;
6781;70;
6782;203;
6783;301;
6784;77;
6785;173;
6786;130;
6787;196;
6788;54;
6789;101;
6790;172;
6791;35;
6792;90;
6793;152;
6794;107;
6795;58;
6796;120;
6797;198;
6798;189;
6799;125;
6800;182;
6801;156;
6802;133;
6803;64;
6804;155;
6805;13;
6806;53;
6807;53;
6808;218;
6809;77;
6810;197;
6811;68;
6812;164;
6813;52;
6814;143;
6815;134;
6816;86;
6817;52;
6818;146;
6819;89;
6820;179;
6821;62;
6822;62;
6823;148;
6824;42;
6825;199;
6826;223;
6827;58;
6828;342;
6829;193;
6830;343;
6831;128;
6832;403;
6833;231;
6834;218;
6835;179;
6836;178;
6837;130;
6838;102;
6839;201;
6840;252;
6841;91;
6842;265;
6843;23;
6844;73;
6845;149;
6846;86;
6847;407;
6848;95;
6849;176;
6850;295;
6851;87;
6852;231;
6853;71;
6854;228;
6855;101;
6856;177;
6857;41;
6858;273;
6859;200;
6860;359;
6861;30;
6862;153;
6863;73;
6864;215;
6865;351;
6866;35;
6867;202;
6868;352;
6869;228;
6870;240;
6871;15;
6872;218;
6873;240;
6874;242;
6875;170;
6876;55;
6877;52;
6878;130;
6879;228;
6880;114;
6881;152;
6882;195;
6883;244;
6884;106;
6885;105;
6886;28;
6887;159;
6888;102;
6889;116;
6890;203;
6891;291;
6892;237;
6893;240;
6894;338;
6895;129;
6896;330;
6897;47;
6898;89;
6899;200;
6900;65;
6901;121;
6902;271;
6903;158;
6904;189;
6905;101;
6906;39;
6907;186;
6908;186;
6909;197;
6910;146;
6911;135;
6912;59;
6913;146;
6914;83;
6915;290;
6916;268;
6917;215;
6918;183;
6919;140;
6920;110;
6921;239;
6922;182;
6923;126;
6924;25;
6925;76;
6926;169;
6927;178;
6928;203;
6929;20;
6930;193;
6931;220;
6932;177;
6933;176;
6934;102;
6935;200;
6936;57;
6937;131;
6938;68;
6939;123;
6940;125;
6941;64;
6942;256;
6943;200;
6944;302;
6945;253;
6946;212;
6947;82;
6948;23;
6949;95;
6950;115;
6951;127;
6952;172;
6953;201;
6954;60;
6955;50;
6956;3;
6957;120;
6958;269;
6959;64;
6960;120;
6961;228;
6962;223;
6963;228;
6964;211;
6965;85;
6966;488;
6967;325;
6968;373;
6969;32;
6970;196;
6971;218;
6972;178;
6973;66;
6974;121;
6975;138;
6976;86;
6977;64;
6978;58;
6979;97;
6980;84;
6981;171;
6982;253;
6983;182;
6984;122;
6985;79;
6986;98;
6987;170;
6988;164;
6989;141;
6990;140;
6991;180;
6992;66;
6993;77;
6994;62;
6995;77;
6996;74;
6997;101;
6998;115;
6999;106;
7000;198;
7001;68;
7002;238;
7003;209;
7004;80;
7005;91;
7006;106;
7007;123;
7008;116;
7009;55;
7010;146;
7011;197;
7012;122;
7013;304;
7014;134;
7015;127;
7016;198;
7017;96;
7018;112;
7019;108;
7020;102;
7021;236;
7022;200;
7023;268;
7024;170;
7025;20;
7026;32;
7027;252;
7028;278;
7029;253;
7030;59;
7031;109;
7032;99;
7033;165;
7034;183;
7035;60;
7036;111;
7037;116;
7038;64;
7039;97;
7040;209;
7041;196;
7042;100;
7043;136;
7044;135;
7045;210;
7046;98;
7047;123;
7048;79;
7049;97;
7050;271;
7051;224;
7052;122;
7053;158;
7054;117;
7055;74;
7056;22;
7057;254;
7058;187;
7059;102;
7060;168;
7061;185;
7062;162;
7063;121;
7064;90;
7065;53;
7066;107;
7067;148;
7068;119;
7069;93;
7070;89;
7071;254;
7072;112;
7073;68;
7074;276;
7075;94;
7076;119;
7077;290;
7078;58;
7079;81;
7080;136;
7081;71;
7082;96;
7083;191;
7084;157;
7085;82;
7086;146;
7087;43;
7088;207;
7089;108;
7090;80;
7091;103;
7092;189;
7093;167;
7094;221;
7095;233;
7096;263;
7097;187;
7098;91;
7099;97;
7100;85;
7101;186;
7102;161;
7103;224;
7104;83;
7105;171;
7106;225;
7107;117;
7108;266;
7109;150;
7110;286;
7111;152;
7112;210;
7113;103;
7114;101;
7115;152;
7116;131;
7117;101;
7118;126;
7119;130;
7120;106;
7121;79;
7122;154;
7123;105;
7124;124;
7125;175;
7126;82;
7127;101;
7128;232;
7129;212;
7130;87;
7131;131;
7132;174;
7133;81;
7134;112;
7135;101;
7136;73;
7137;89;
7138;123;
7139;265;
7140;125;
7141;295;
7142;109;
7143;163;
7144;185;
7145;3;
7146;163;
7147;256;
7148;29;
7149;79;
7150;40;
7151;247;
7152;125;
7153;212;
7154;74;
7155;79;
7156;97;
7157;145;
7158;34;
7159;138;
7160;61;
7161;67;
7162;300;
7163;64;
7164;81;
7165;79;
7166;30;
7167;22;
7168;187;
7169;36;
7170;74;
7171;82;
7172;62;
7173;121;
7174;184;
7175;123;
7176;153;
7177;73;
7178;144;
7179;41;
7180;112;
7181;40;
7182;111;
7183;114;
7184;26;
7185;196;
7186;47;
7187;115;
7188;266;
7189;1016;
7190;185;
7191;61;
7192;95;
7193;103;
7194;233;
7195;189;
7196;27;
7197;116;
7198;160;
7199;107;
7200;36;
7201;88;
7202;173;
7203;29;
7204;185;
7205;60;
7206;88;
7207;108;
7208;107;
7209;158;
7210;122;
7211;97;
7212;122;
7213;245;
7214;167;
7215;23;
7216;163;
7217;208;
7218;114;
7219;24;
7220;147;
7221;166;
7222;98;
7223;20;
7224;197;
7225;93;
7226;130;
7227;107;
7228;24;
7229;208;
7230;65;
7231;94;
7232;136;
7233;128;
7234;28;
7235;190;
7236;98;
7237;73;
7238;55;
7239;24;
7240;108;
7241;188;
7242;185;
7243;56;
7244;92;
7245;113;
7246;206;
7247;43;
7248;29;
7249;151;
7250;247;
7251;135;
7252;61;
7253;103;
7254;29;
7255;92;
7256;145;
7257;170;
7258;69;
7259;22;
7260;133;
7261;131;
7262;149;
7263;114;
7264;80;
7265;87;
7266;173;
7267;71;
7268;71;
7269;187;
7270;59;
7271;82;
7272;119;
7273;134;
7274;246;
7275;22;
7276;91;
7277;206;
7278;177;
7279;70;
7280;71;
7281;129;
7282;193;
7283;86;
7284;38;
7285;45;
7286;116;
7287;71;
7288;180;
7289;47;
7290;42;
7291;81;
7292;189;
7293;53;
7294;74;
7295;100;
7296;42;
7297;106;
7298;39;
7299;84;
7300;35;
7301;96;
7302;182;
7303;178;
7304;89;
7305;267;
7306;175;
7307;19;
7308;26;
7309;22;
7310;74;
7311;110;
7312;53;
7313;127;
7314;114;
7315;26;
7316;121;
7317;111;
7318;184;
7319;142;
7320;39;
7321;44;
7322;189;
7323;44;
7324;93;
7325;213;
7326;108;
7327;62;
7328;47;
7329;116;
7330;92;
7331;170;
7332;119;
7333;37;
7334;160;
7335;187;
7336;37;
7337;129;
7338;73;
7339;183;
7340;35;
7341;48;
7342;119;
7343;72;
7344;143;
7345;214;
7346;122;
7347;25;
7348;150;
7349;138;
7350;97;
7351;98;
7352;42;
7353;153;
7354;49;
7355;159;
7356;136;
7357;125;
7358;95;
7359;70;
7360;138;
7361;79;
7362;103;
7363;212;
7364;165;
7365;173;
7366;185;
7367;95;
7368;202;
7369;134;
7370;29;
7371;55;
7372;99;
7373;96;
7374;187;
7375;150;
7376;121;
7377;76;
7378;91;
7379;24;
7380;32;
7381;68;
7382;21;
7383;41;
7384;78;
7385;31;
7386;137;
7387;57;
7388;96;
7389;119;
7390;178;
7391;118;
7392;61;
7393;96;
7394;87;
7395;91;
7396;197;
7397;203;
7398;142;
7399;34;
7400;101;
7401;127;
7402;144;
7403;190;
7404;15;
7405;123;
7406;24;
7407;191;
7408;32;
7409;31;
7410;124;
7411;147;
7412;80;
7413;104;
7414;177;
7415;99;
7416;150;
7417;22;
7418;171;
7419;99;
7420;162;
7421;103;
7422;103;
7423;28;
7424;124;
7425;141;
7426;29;
7427;189;
7428;102;
7429;263;
7430;231;
7431;192;
7432;29;
7433;98;
7434;87;
7435;99;
7436;183;
7437;37;
7438;101;
7439;87;
7440;161;
7441;52;
7442;15;
7443;137;
7444;67;
7445;163;
7446;110;
7447;125;
7448;182;
7449;75;
7450;57;
7451;111;
7452;145;
7453;102;
7454;168;
7455;67;
7456;119;
7457;149;
7458;175;
7459;231;
7460;216;
7461;130;
7462;24;
7463;68;
7464;75;
7465;145;
7466;34;
7467;26;
7468;32;
7469;168;
7470;46;
7471;121;
7472;194;
7473;98;
7474;76;
7475;192;
7476;138;
7477;69;
7478;82;
7479;35;
7480;117;
7481;89;
7482;158;
7483;197;
7484;72;
7485;114;
7486;42;
7487;200;
7488;49;
7489;170;
7490;81;
7491;281;
7492;26;
7493;178;
7494;111;
7495;117;
7496;160;
7497;79;
7498;139;
7499;86;
7500;181;
7501;84;
7502;45;
7503;139;
7504;17;
7505;36;
7506;27;
7507;211;
7508;115;
7509;76;
7510;78;
7511;121;
7512;164;
7513;19;
7514;166;
7515;106;
7516;89;
7517;100;
7518;146;
7519;200;
7520;57;
7521;98;
7522;173;
7523;37;
7524;153;
7525;33;
7526;98;
7527;178;
7528;278;
7529;223;
7530;346;
7531;126;
7532;149;
7533;126;
7534;160;
7535;39;
7536;69;
7537;18;
7538;33;
7539;152;
7540;126;
7541;43;
7542;179;
7543;120;
7544;36;
7545;83;
7546;99;
7547;152;
7548;128;
7549;188;
7550;87;
7551;76;
7552;104;
7553;169;
7554;34;
7555;199;
7556;104;
7557;77;
7558;187;
7559;89;
7560;82;
7561;102;
7562;138;
7563;188;
7564;218;
7565;48;
7566;84;
7567;73;
7568;178;
7569;124;
7570;158;
7571;141;
7572;117;
7573;39;
7574;250;
7575;129;
7576;113;
7577;204;
7578;202;
7579;338;
7580;196;
7581;138;
7582;158;
7583;312;
7584;275;
7585;223;
7586;105;
7587;266;
7588;44;
7589;195;
7590;114;
7591;11;
7592;182;
7593;9;
7594;26;
7595;168;
7596;84;
7597;185;
7598;94;
7599;154;
7600;202;
7601;88;
7602;61;
7603;103;
7604;54;
7605;78;
7606;230;
7607;102;
7608;167;
7609;213;
7610;215;
7611;879;
7612;154;
7613;401;
7614;41;
7615;216;
7616;239;
7617;69;
7618;60;
7619;94;
7620;73;
7621;162;
7622;53;
7623;69;
7624;76;
7625;62;
7626;118;
7627;195;
7628;136;
7629;75;
7630;61;
7631;126;
7632;33;
7633;65;
7634;87;
7635;95;
7636;173;
7637;219;
7638;186;
7639;183;
7640;171;
7641;183;
7642;89;
7643;118;
7644;142;
7645;226;
7646;183;
7647;103;
7648;41;
7649;112;
7650;151;
7651;42;
7652;275;
7653;259;
7654;133;
7655;125;
7656;79;
7657;165;
7658;60;
7659;142;
7660;51;
7661;175;
7662;165;
7663;110;
7664;84;
7665;222;
7666;54;
7667;23;
7668;234;
7669;223;
7670;92;
7671;200;
7672;142;
7673;279;
7674;36;
7675;104;
7676;250;
7677;50;
7678;26;
7679;142;
7680;62;
7681;36;
7682;143;
7683;262;
7684;60;
7685;173;
7686;45;
7687;152;
7688;55;
7689;234;
7690;246;
7691;167;
7692;291;
7693;58;
7694;212;
7695;115;
7696;185;
7697;307;
7698;186;
7699;668;
7700;209;
7701;180;
7702;86;
7703;84;
7704;41;
7705;34;
7706;270;
7707;98;
7708;204;
7709;49;
7710;107;
7711;43;
7712;107;
7713;154;
7714;265;
7715;34;
7716;59;
7717;173;
7718;142;
7719;207;
7720;59;
7721;152;
7722;44;
7723;88;
7724;153;
7725;113;
7726;187;
7727;149;
7728;182;
7729;238;
7730;178;
7731;195;
7732;239;
7733;66;
7734;218;
7735;59;
7736;189;
7737;152;
7738;246;
7739;65;
7740;71;
7741;31;
7742;192;
7743;67;
7744;141;
7745;220;
7746;252;
7747;100;
7748;101;
7749;27;
7750;69;
7751;98;
7752;229;
7753;238;
7754;107;
7755;31;
7756;197;
7757;65;
7758;143;
7759;89;
7760;8;
7761;141;
7762;113;
7763;138;
7764;70;
7765;46;
7766;133;
7767;73;
7768;164;
7769;78;
7770;75;
7771;69;
7772;58;
7773;88;
7774;83;
7775;100;
7776;60;
7777;145;
7778;77;
7779;272;
7780;96;
7781;110;
7782;33;
7783;53;
7784;50;
7785;122;
7786;98;
7787;67;
7788;110;
7789;118;
7790;96;
7791;63;
7792;85;
7793;132;
7794;157;
7795;156;
7796;129;
7797;100;
7798;82;
7799;77;
7800;110;
7801;111;
7802;89;
7803;98;
7804;74;
7805;61;
7806;201;
7807;232;
7808;157;
7809;115;
7810;100;
7811;118;
7812;79;
7813;77;
7814;93;
7815;111;
7816;52;
7817;111;
7818;90;
7819;263;
7820;104;
7821;152;
7822;89;
7823;143;
7824;146;
7825;134;
7826;159;
7827;100;
7828;138;
7829;117;
7830;143;
7831;104;
7832;104;
7833;136;
7834;16;
7835;116;
7836;281;
7837;123;
7838;76;
7839;98;
7840;162;
7841;157;
7842;94;
7843;192;
7844;107;
7845;169;
7846;77;
7847;52;
7848;190;
7849;170;
7850;60;
7851;125;
7852;60;
7853;116;
7854;94;
7855;114;
7856;274;
7857;150;
7858;112;
7859;89;
7860;68;
7861;128;
7862;126;
7863;134;
7864;19;
7865;19;
7866;231;
7867;132;
7868;40;
7869;84;
7870;65;
7871;106;
7872;156;
7873;117;
7874;138;
7875;228;
7876;85;
7877;78;
7878;115;
7879;108;
7880;176;
7881;161;
7882;107;
7883;213;
7884;183;
7885;259;
7886;63;
7887;104;
7888;44;
7889;89;
7890;147;
7891;135;
7892;95;
7893;142;
7894;171;
7895;232;
7896;88;
7897;173;
7898;118;
7899;124;
7900;152;
7901;179;
7902;242;
7903;163;
7904;139;
7905;135;
7906;47;
7907;142;
7908;118;
7909;129;
7910;209;
7911;154;
7912;209;
7913;112;
7914;191;
7915;213;
7916;129;
7917;239;
7918;160;
7919;143;
7920;115;
7921;159;
7922;73;
7923;97;
7924;90;
7925;220;
7926;34;
7927;160;
7928;79;
7929;79;
7930;127;
7931;76;
7932;144;
7933;137;
7934;135;
7935;125;
7936;242;
7937;153;
7938;44;
7939;49;
7940;127;
7941;84;
7942;124;
7943;185;
7944;108;
7945;87;
7946;98;
7947;294;
7948;148;
7949;81;
7950;172;
7951;171;
7952;121;
7953;113;
7954;61;
7955;178;
7956;158;
7957;144;
7958;132;
7959;221;
7960;159;
7961;88;
7962;59;
7963;77;
7964;96;
7965;78;
7966;80;
7967;111;
7968;165;
7969;151;
7970;238;
7971;173;
7972;112;
7973;177;
7974;120;
7975;121;
7976;95;
7977;106;
7978;152;
7979;141;
7980;138;
7981;147;
7982;54;
7983;192;
7984;186;
7985;85;
7986;128;
7987;117;
7988;173;
7989;213;
7990;119;
7991;202;
7992;151;
7993;1172;
7994;175;
7995;147;
7996;114;
7997;177;
7998;157;
7999;216;
8000;107;
min;1;
avg;1.57907;
max;129;
